DEPTH = 16384;
WIDTH = 8;
ADDRESS_RADIX = HEX;
DATA_RADIX = HEX;

CONTENT BEGIN

0000 : 13;
0001 : 06;
0002 : 7c;
0003 : a4;
0004 : df;
0005 : 66;
0006 : 16;
0007 : d1;
0008 : dd;
0009 : 9c;
000a : 42;
000b : 6d;
000c : 18;
000d : 74;
000e : 89;
000f : 3f;
0010 : 02;
0011 : 00;
0012 : 59;
0013 : 5e;
0014 : 04;
0015 : 35;
0016 : 93;
0017 : 68;
0018 : 46;
0019 : 97;
001a : a5;
001b : 29;
001c : 61;
001d : 27;
001e : d4;
001f : 40;
0020 : 9a;
0021 : 10;
0022 : 73;
0023 : 54;
0024 : 09;
0025 : 57;
0026 : 15;
0027 : 91;
0028 : 02;
0029 : 24;
002a : 32;
002b : 86;
002c : 25;
002d : 8b;
002e : 66;
002f : e8;
0030 : b3;
0031 : 0a;
0032 : 95;
0033 : d3;
0034 : 48;
0035 : e9;
0036 : a4;
0037 : 14;
0038 : fd;
0039 : 08;
003a : 6c;
003b : b1;
003c : fb;
003d : 80;
003e : 03;
003f : 99;
0040 : 10;
0041 : 31;
0042 : 18;
0043 : 9d;
0044 : 01;
0045 : f4;
0046 : e3;
0047 : ec;
0048 : eb;
0049 : d6;
004a : 4b;
004b : 90;
004c : 2e;
004d : 91;
004e : 38;
004f : d9;
0050 : 10;
0051 : be;
0052 : be;
0053 : b1;
0054 : 7f;
0055 : 7e;
0056 : 5e;
0057 : c4;
0058 : 1f;
0059 : 8a;
005a : 03;
005b : b4;
005c : e5;
005d : 29;
005e : f9;
005f : d6;
0060 : d6;
0061 : af;
0062 : 41;
0063 : b7;
0064 : 88;
0065 : a1;
0066 : 1a;
0067 : 4b;
0068 : 0f;
0069 : 23;
006a : 34;
006b : 44;
006c : 6b;
006d : ca;
006e : 53;
006f : c5;
0070 : 29;
0071 : 9a;
0072 : db;
0073 : 07;
0074 : e1;
0075 : 5e;
0076 : ca;
0077 : 41;
0078 : a6;
0079 : 4a;
007a : ef;
007b : 29;
007c : 79;
007d : 40;
007e : 10;
007f : af;
0080 : 80;
0081 : ba;
0082 : ff;
0083 : 5c;
0084 : 70;
0085 : 72;
0086 : 40;
0087 : 73;
0088 : 90;
0089 : dc;
008a : a0;
008b : 38;
008c : 03;
008d : 41;
008e : d7;
008f : 9e;
0090 : af;
0091 : 73;
0092 : be;
0093 : 0c;
0094 : 4c;
0095 : 15;
0096 : 1b;
0097 : 7a;
0098 : 59;
0099 : da;
009a : d4;
009b : fb;
009c : 1a;
009d : 79;
009e : 8f;
009f : 4d;
00a0 : a0;
00a1 : ab;
00a2 : 5a;
00a3 : 68;
00a4 : 6f;
00a5 : b6;
00a6 : 15;
00a7 : 77;
00a8 : b2;
00a9 : f5;
00aa : 6a;
00ab : b7;
00ac : f0;
00ad : 32;
00ae : e1;
00af : 68;
00b0 : e7;
00b1 : c0;
00b2 : 19;
00b3 : 4c;
00b4 : 7c;
00b5 : da;
00b6 : 30;
00b7 : 0a;
00b8 : 08;
00b9 : 50;
00ba : 9e;
00bb : 3b;
00bc : b7;
00bd : 02;
00be : dd;
00bf : a9;
00c0 : f4;
00c1 : d9;
00c2 : 48;
00c3 : 49;
00c4 : fb;
00c5 : 46;
00c6 : d0;
00c7 : 33;
00c8 : 26;
00c9 : 10;
00ca : 82;
00cb : 8d;
00cc : 6e;
00cd : f3;
00ce : 6f;
00cf : 5f;
00d0 : 94;
00d1 : 0d;
00d2 : 20;
00d3 : 12;
00d4 : 57;
00d5 : 30;
00d6 : f5;
00d7 : db;
00d8 : 15;
00d9 : 72;
00da : 51;
00db : e3;
00dc : f9;
00dd : 1b;
00de : e7;
00df : 14;
00e0 : a3;
00e1 : 46;
00e2 : c7;
00e3 : 34;
00e4 : c7;
00e5 : 0d;
00e6 : 34;
00e7 : 73;
00e8 : 07;
00e9 : d7;
00ea : be;
00eb : 4e;
00ec : 32;
00ed : e6;
00ee : 6d;
00ef : bf;
00f0 : 9e;
00f1 : 81;
00f2 : ef;
00f3 : 78;
00f4 : 4d;
00f5 : a8;
00f6 : 9f;
00f7 : 6f;
00f8 : 7f;
00f9 : 8c;
00fa : 04;
00fb : ba;
00fc : 35;
00fd : ce;
00fe : df;
00ff : 1d;
0100 : 63;
0101 : e9;
0102 : 87;
0103 : e2;
0104 : dd;
0105 : 20;
0106 : 15;
0107 : 3a;
0108 : b8;
0109 : 13;
010a : e8;
010b : 70;
010c : 29;
010d : 9d;
010e : 44;
010f : 60;
0110 : 2d;
0111 : f1;
0112 : a0;
0113 : 68;
0114 : ea;
0115 : 69;
0116 : 87;
0117 : d0;
0118 : b7;
0119 : fe;
011a : 0a;
011b : d1;
011c : 65;
011d : 44;
011e : 2c;
011f : 28;
0120 : a9;
0121 : 37;
0122 : 6a;
0123 : 24;
0124 : c5;
0125 : d8;
0126 : 01;
0127 : f9;
0128 : de;
0129 : f0;
012a : 14;
012b : f8;
012c : 0a;
012d : ab;
012e : 47;
012f : cc;
0130 : 4d;
0131 : a7;
0132 : 4e;
0133 : 68;
0134 : 36;
0135 : 6f;
0136 : 28;
0137 : d3;
0138 : ca;
0139 : 60;
013a : da;
013b : 26;
013c : 1c;
013d : be;
013e : eb;
013f : e0;
0140 : fd;
0141 : 5d;
0142 : 52;
0143 : 40;
0144 : a5;
0145 : ac;
0146 : 42;
0147 : 24;
0148 : c8;
0149 : 1c;
014a : 51;
014b : 8e;
014c : 55;
014d : d0;
014e : c9;
014f : 1d;
0150 : 1d;
0151 : b9;
0152 : 41;
0153 : c8;
0154 : 49;
0155 : cf;
0156 : 50;
0157 : 1c;
0158 : 30;
0159 : 05;
015a : 39;
015b : 3a;
015c : 5b;
015d : 87;
015e : 52;
015f : 2b;
0160 : 20;
0161 : 1e;
0162 : 7b;
0163 : b7;
0164 : fc;
0165 : 59;
0166 : 96;
0167 : 4e;
0168 : 5f;
0169 : dc;
016a : ed;
016b : 3f;
016c : 2d;
016d : 01;
016e : 49;
016f : 67;
0170 : e0;
0171 : c2;
0172 : 19;
0173 : aa;
0174 : 69;
0175 : f0;
0176 : e9;
0177 : ee;
0178 : 40;
0179 : 42;
017a : 20;
017b : 59;
017c : 13;
017d : 85;
017e : 1e;
017f : a5;
0180 : 11;
0181 : 90;
0182 : 25;
0183 : f6;
0184 : cb;
0185 : db;
0186 : c2;
0187 : dc;
0188 : f6;
0189 : 7c;
018a : 75;
018b : e9;
018c : 17;
018d : 2a;
018e : 8a;
018f : c5;
0190 : 1d;
0191 : 9b;
0192 : 9b;
0193 : 2d;
0194 : 9b;
0195 : 18;
0196 : f3;
0197 : 22;
0198 : 0d;
0199 : 39;
019a : 02;
019b : 37;
019c : 77;
019d : fd;
019e : 77;
019f : 32;
01a0 : 69;
01a1 : 39;
01a2 : 57;
01a3 : 23;
01a4 : a8;
01a5 : 3e;
01a6 : 30;
01a7 : 9e;
01a8 : 91;
01a9 : 62;
01aa : f7;
01ab : 8a;
01ac : f1;
01ad : b3;
01ae : f6;
01af : 41;
01b0 : 65;
01b1 : a2;
01b2 : 40;
01b3 : c9;
01b4 : cf;
01b5 : ee;
01b6 : a1;
01b7 : 2c;
01b8 : ec;
01b9 : 9c;
01ba : 82;
01bb : 92;
01bc : d1;
01bd : 26;
01be : 83;
01bf : b4;
01c0 : ad;
01c1 : c6;
01c2 : 3f;
01c3 : ff;
01c4 : f0;
01c5 : ee;
01c6 : 77;
01c7 : 24;
01c8 : 8b;
01c9 : f8;
01ca : ab;
01cb : 57;
01cc : 72;
01cd : d2;
01ce : 02;
01cf : 6e;
01d0 : a8;
01d1 : d2;
01d2 : 60;
01d3 : 3c;
01d4 : c8;
01d5 : fe;
01d6 : 30;
01d7 : a3;
01d8 : 1e;
01d9 : a0;
01da : 79;
01db : e2;
01dc : 0b;
01dd : 11;
01de : 13;
01df : 32;
01e0 : 0a;
01e1 : ac;
01e2 : 93;
01e3 : 9a;
01e4 : 6d;
01e5 : 45;
01e6 : d9;
01e7 : 35;
01e8 : e8;
01e9 : f5;
01ea : b7;
01eb : 2a;
01ec : 4b;
01ed : be;
01ee : f7;
01ef : f8;
01f0 : 40;
01f1 : 17;
01f2 : cc;
01f3 : b7;
01f4 : 5c;
01f5 : 5a;
01f6 : 52;
01f7 : 02;
01f8 : ea;
01f9 : b7;
01fa : 94;
01fb : 0b;
01fc : e7;
01fd : a6;
01fe : 4e;
01ff : 05;
0200 : 48;
0201 : 83;
0202 : 00;
0203 : 60;
0204 : 66;
0205 : a4;
0206 : cf;
0207 : 68;
0208 : 02;
0209 : 8b;
020a : 7d;
020b : 53;
020c : 66;
020d : d6;
020e : 0f;
020f : ed;
0210 : 65;
0211 : 2d;
0212 : aa;
0213 : f2;
0214 : 81;
0215 : cb;
0216 : 83;
0217 : b4;
0218 : f9;
0219 : 37;
021a : da;
021b : 8d;
021c : 49;
021d : 02;
021e : a7;
021f : eb;
0220 : 8c;
0221 : f2;
0222 : 2a;
0223 : de;
0224 : e5;
0225 : 6e;
0226 : 75;
0227 : d9;
0228 : f5;
0229 : ea;
022a : f2;
022b : 90;
022c : 26;
022d : fe;
022e : ad;
022f : 5a;
0230 : bd;
0231 : 25;
0232 : c1;
0233 : e1;
0234 : 09;
0235 : 0a;
0236 : 78;
0237 : a6;
0238 : 6e;
0239 : 38;
023a : 05;
023b : ef;
023c : 03;
023d : 01;
023e : e7;
023f : 3c;
0240 : 0b;
0241 : d4;
0242 : cc;
0243 : 81;
0244 : ac;
0245 : 8a;
0246 : 90;
0247 : 6b;
0248 : 76;
0249 : d2;
024a : b1;
024b : 1d;
024c : 15;
024d : 16;
024e : 5c;
024f : 90;
0250 : 26;
0251 : c6;
0252 : ca;
0253 : 0b;
0254 : 64;
0255 : 03;
0256 : 11;
0257 : f5;
0258 : 26;
0259 : bd;
025a : af;
025b : 89;
025c : 80;
025d : 2a;
025e : c5;
025f : 79;
0260 : b1;
0261 : 49;
0262 : b3;
0263 : 08;
0264 : e9;
0265 : e1;
0266 : 8e;
0267 : 10;
0268 : 70;
0269 : e7;
026a : 8b;
026b : 80;
026c : 68;
026d : 0c;
026e : 06;
026f : 04;
0270 : 5e;
0271 : 10;
0272 : 30;
0273 : 60;
0274 : d2;
0275 : 94;
0276 : d4;
0277 : db;
0278 : 2b;
0279 : ee;
027a : 4a;
027b : e8;
027c : 5d;
027d : 43;
027e : 49;
027f : c4;
0280 : 02;
0281 : b2;
0282 : a5;
0283 : 63;
0284 : 9f;
0285 : 14;
0286 : 80;
0287 : c2;
0288 : 7e;
0289 : a0;
028a : 5e;
028b : b9;
028c : 3d;
028d : e1;
028e : 17;
028f : 05;
0290 : 26;
0291 : 3f;
0292 : ab;
0293 : 1d;
0294 : 02;
0295 : 0f;
0296 : 5b;
0297 : 33;
0298 : 35;
0299 : a3;
029a : a3;
029b : dd;
029c : cb;
029d : f5;
029e : d1;
029f : 70;
02a0 : b7;
02a1 : ea;
02a2 : 0b;
02a3 : c9;
02a4 : da;
02a5 : 30;
02a6 : 97;
02a7 : a6;
02a8 : 31;
02a9 : 67;
02aa : c7;
02ab : 4f;
02ac : e1;
02ad : 4c;
02ae : 06;
02af : 7c;
02b0 : 31;
02b1 : ba;
02b2 : ed;
02b3 : 5c;
02b4 : f2;
02b5 : ca;
02b6 : e1;
02b7 : 53;
02b8 : 6c;
02b9 : 60;
02ba : 92;
02bb : a2;
02bc : 6c;
02bd : c4;
02be : 54;
02bf : 0a;
02c0 : 65;
02c1 : 7b;
02c2 : b4;
02c3 : 8e;
02c4 : 02;
02c5 : 72;
02c6 : c4;
02c7 : f9;
02c8 : c7;
02c9 : 18;
02ca : 88;
02cb : 2c;
02cc : 2d;
02cd : 80;
02ce : 4f;
02cf : a7;
02d0 : fe;
02d1 : e4;
02d2 : bd;
02d3 : 32;
02d4 : b2;
02d5 : ed;
02d6 : ec;
02d7 : e6;
02d8 : e7;
02d9 : d2;
02da : 9f;
02db : 8f;
02dc : 6b;
02dd : 2a;
02de : 45;
02df : 32;
02e0 : 35;
02e1 : c2;
02e2 : 5e;
02e3 : d6;
02e4 : a5;
02e5 : dd;
02e6 : 87;
02e7 : b9;
02e8 : f7;
02e9 : 41;
02ea : 0a;
02eb : 82;
02ec : 92;
02ed : bf;
02ee : d7;
02ef : 85;
02f0 : 64;
02f1 : b5;
02f2 : 67;
02f3 : 4a;
02f4 : ec;
02f5 : 18;
02f6 : 73;
02f7 : ac;
02f8 : 54;
02f9 : 3b;
02fa : 71;
02fb : b3;
02fc : 45;
02fd : ec;
02fe : 15;
02ff : be;
0300 : b6;
0301 : 4f;
0302 : 3d;
0303 : f8;
0304 : 6a;
0305 : 7c;
0306 : 76;
0307 : 99;
0308 : 0f;
0309 : ad;
030a : 4e;
030b : 3b;
030c : 5f;
030d : c0;
030e : e2;
030f : 5c;
0310 : 1b;
0311 : 35;
0312 : 80;
0313 : 0b;
0314 : 7a;
0315 : 7b;
0316 : 2d;
0317 : 88;
0318 : fa;
0319 : 51;
031a : 12;
031b : 93;
031c : a1;
031d : 86;
031e : f0;
031f : de;
0320 : 78;
0321 : ab;
0322 : bf;
0323 : 38;
0324 : 5b;
0325 : 0c;
0326 : 89;
0327 : aa;
0328 : cf;
0329 : ac;
032a : 17;
032b : ef;
032c : c8;
032d : 77;
032e : 96;
032f : f2;
0330 : ae;
0331 : 30;
0332 : c2;
0333 : 70;
0334 : 4e;
0335 : e0;
0336 : c8;
0337 : 6d;
0338 : d4;
0339 : b1;
033a : ed;
033b : 1b;
033c : 0d;
033d : d4;
033e : f2;
033f : 41;
0340 : 5d;
0341 : 74;
0342 : 1c;
0343 : 19;
0344 : 2d;
0345 : 92;
0346 : cf;
0347 : 1c;
0348 : e7;
0349 : 05;
034a : e9;
034b : df;
034c : d4;
034d : f9;
034e : 44;
034f : 4c;
0350 : c4;
0351 : 6a;
0352 : c9;
0353 : a2;
0354 : fb;
0355 : 03;
0356 : fe;
0357 : 83;
0358 : dc;
0359 : de;
035a : 21;
035b : 52;
035c : 0c;
035d : 4d;
035e : 67;
035f : 18;
0360 : 91;
0361 : c8;
0362 : d7;
0363 : fe;
0364 : bb;
0365 : 99;
0366 : f8;
0367 : 7c;
0368 : 96;
0369 : 59;
036a : 35;
036b : 3e;
036c : 01;
036d : c6;
036e : 1e;
036f : 1e;
0370 : a8;
0371 : b7;
0372 : 9c;
0373 : 7f;
0374 : 0d;
0375 : bc;
0376 : 16;
0377 : 21;
0378 : 5b;
0379 : 42;
037a : 59;
037b : cf;
037c : 09;
037d : a9;
037e : 56;
037f : 4d;
0380 : 5f;
0381 : e4;
0382 : e2;
0383 : df;
0384 : 39;
0385 : d2;
0386 : 85;
0387 : 4d;
0388 : d4;
0389 : 0b;
038a : 8e;
038b : 42;
038c : 7d;
038d : a7;
038e : 8f;
038f : 87;
0390 : 20;
0391 : a7;
0392 : ac;
0393 : 91;
0394 : 58;
0395 : 72;
0396 : 5c;
0397 : 63;
0398 : 95;
0399 : 3e;
039a : d7;
039b : fc;
039c : c6;
039d : 83;
039e : 45;
039f : 52;
03a0 : 58;
03a1 : d5;
03a2 : 8f;
03a3 : 5f;
03a4 : 26;
03a5 : 22;
03a6 : 0a;
03a7 : 9e;
03a8 : 98;
03a9 : 71;
03aa : f5;
03ab : 09;
03ac : 36;
03ad : 2a;
03ae : 3c;
03af : af;
03b0 : 30;
03b1 : 54;
03b2 : 30;
03b3 : 1b;
03b4 : 4b;
03b5 : 5c;
03b6 : de;
03b7 : 5b;
03b8 : 8d;
03b9 : e7;
03ba : b1;
03bb : de;
03bc : 49;
03bd : e2;
03be : 8e;
03bf : 4b;
03c0 : c7;
03c1 : 0b;
03c2 : c2;
03c3 : bf;
03c4 : 91;
03c5 : 59;
03c6 : 7f;
03c7 : 61;
03c8 : 21;
03c9 : f8;
03ca : 9a;
03cb : e3;
03cc : d6;
03cd : a5;
03ce : 0a;
03cf : 7a;
03d0 : 63;
03d1 : 3e;
03d2 : ef;
03d3 : 09;
03d4 : c1;
03d5 : a7;
03d6 : b7;
03d7 : 3d;
03d8 : 62;
03d9 : 34;
03da : 90;
03db : 1e;
03dc : fe;
03dd : cb;
03de : 24;
03df : 9b;
03e0 : dd;
03e1 : f5;
03e2 : 7b;
03e3 : e2;
03e4 : 45;
03e5 : 7a;
03e6 : 45;
03e7 : 2f;
03e8 : 80;
03e9 : 0a;
03ea : 71;
03eb : 4f;
03ec : a1;
03ed : 92;
03ee : e6;
03ef : 1c;
03f0 : d7;
03f1 : bb;
03f2 : ab;
03f3 : c0;
03f4 : 10;
03f5 : 02;
03f6 : c6;
03f7 : a8;
03f8 : b1;
03f9 : c1;
03fa : dc;
03fb : 3d;
03fc : 45;
03fd : 44;
03fe : 79;
03ff : 95;
0400 : 6a;
0401 : d3;
0402 : b1;
0403 : fc;
0404 : db;
0405 : 1c;
0406 : e3;
0407 : 71;
0408 : f7;
0409 : 75;
040a : 67;
040b : 22;
040c : 99;
040d : d0;
040e : 9a;
040f : 95;
0410 : e1;
0411 : a5;
0412 : 7d;
0413 : cc;
0414 : 89;
0415 : 18;
0416 : 43;
0417 : 85;
0418 : a8;
0419 : 5f;
041a : 3d;
041b : a4;
041c : f8;
041d : 50;
041e : 0b;
041f : 79;
0420 : ba;
0421 : b2;
0422 : 8f;
0423 : 8f;
0424 : e1;
0425 : 22;
0426 : 41;
0427 : d9;
0428 : 48;
0429 : 7e;
042a : 81;
042b : ff;
042c : 2a;
042d : b8;
042e : 70;
042f : 6e;
0430 : 53;
0431 : ae;
0432 : 2d;
0433 : 84;
0434 : 07;
0435 : 07;
0436 : 56;
0437 : b7;
0438 : 9a;
0439 : bb;
043a : 18;
043b : 6b;
043c : a5;
043d : 86;
043e : e9;
043f : ba;
0440 : c1;
0441 : 61;
0442 : 81;
0443 : 4a;
0444 : 39;
0445 : 6a;
0446 : a7;
0447 : a6;
0448 : 23;
0449 : 39;
044a : 61;
044b : 8a;
044c : 40;
044d : e0;
044e : e1;
044f : 89;
0450 : 74;
0451 : ea;
0452 : 18;
0453 : 53;
0454 : 50;
0455 : b7;
0456 : c2;
0457 : 88;
0458 : f4;
0459 : a1;
045a : bf;
045b : 51;
045c : 38;
045d : 1b;
045e : 60;
045f : 38;
0460 : 97;
0461 : b9;
0462 : 14;
0463 : 18;
0464 : 4b;
0465 : 3c;
0466 : 70;
0467 : b3;
0468 : c0;
0469 : d4;
046a : 91;
046b : 9b;
046c : 60;
046d : c5;
046e : 6a;
046f : 8b;
0470 : 03;
0471 : b1;
0472 : fe;
0473 : 03;
0474 : 23;
0475 : 07;
0476 : 4a;
0477 : 88;
0478 : 14;
0479 : d2;
047a : 32;
047b : 5a;
047c : a4;
047d : cf;
047e : 3b;
047f : 8a;
0480 : 59;
0481 : e1;
0482 : 3c;
0483 : 3c;
0484 : fb;
0485 : 93;
0486 : 53;
0487 : fe;
0488 : 8c;
0489 : 4f;
048a : 1b;
048b : 32;
048c : 3b;
048d : 57;
048e : c3;
048f : bd;
0490 : f5;
0491 : b6;
0492 : e0;
0493 : d3;
0494 : 9e;
0495 : 09;
0496 : 71;
0497 : 2c;
0498 : 46;
0499 : 85;
049a : b5;
049b : a1;
049c : f4;
049d : dc;
049e : 67;
049f : 43;
04a0 : 4c;
04a1 : bc;
04a2 : 52;
04a3 : 8e;
04a4 : 30;
04a5 : bb;
04a6 : 16;
04a7 : 35;
04a8 : 1d;
04a9 : e1;
04aa : 5f;
04ab : 17;
04ac : ad;
04ad : 38;
04ae : ce;
04af : d4;
04b0 : f9;
04b1 : de;
04b2 : 6b;
04b3 : a6;
04b4 : 37;
04b5 : 71;
04b6 : 1b;
04b7 : 2d;
04b8 : d4;
04b9 : ae;
04ba : a8;
04bb : ec;
04bc : 72;
04bd : c6;
04be : 33;
04bf : e3;
04c0 : ae;
04c1 : 3d;
04c2 : b2;
04c3 : 5e;
04c4 : ab;
04c5 : 2d;
04c6 : 5a;
04c7 : a4;
04c8 : 11;
04c9 : 89;
04ca : 71;
04cb : 08;
04cc : 56;
04cd : 29;
04ce : 55;
04cf : 77;
04d0 : 74;
04d1 : 1f;
04d2 : 13;
04d3 : cb;
04d4 : 2b;
04d5 : 0c;
04d6 : f8;
04d7 : 37;
04d8 : 17;
04d9 : a2;
04da : 90;
04db : e2;
04dc : de;
04dd : 53;
04de : 27;
04df : 65;
04e0 : 56;
04e1 : 2a;
04e2 : 0a;
04e3 : ad;
04e4 : 35;
04e5 : d5;
04e6 : 2d;
04e7 : 2d;
04e8 : 63;
04e9 : fb;
04ea : 5e;
04eb : 2f;
04ec : 22;
04ed : f9;
04ee : 0c;
04ef : 3e;
04f0 : b7;
04f1 : 60;
04f2 : 95;
04f3 : 1a;
04f4 : bb;
04f5 : 69;
04f6 : 93;
04f7 : 22;
04f8 : c9;
04f9 : 0b;
04fa : d7;
04fb : 14;
04fc : 1b;
04fd : 52;
04fe : dd;
04ff : b2;
0500 : 92;
0501 : 26;
0502 : 62;
0503 : d3;
0504 : 84;
0505 : 4b;
0506 : 3f;
0507 : 40;
0508 : 29;
0509 : 4e;
050a : 69;
050b : 2c;
050c : fc;
050d : 0f;
050e : ec;
050f : 1f;
0510 : 70;
0511 : d2;
0512 : e3;
0513 : a1;
0514 : ee;
0515 : 9a;
0516 : d6;
0517 : fe;
0518 : a8;
0519 : 68;
051a : 4f;
051b : 1c;
051c : b2;
051d : 6f;
051e : d2;
051f : 5b;
0520 : a8;
0521 : 4b;
0522 : a1;
0523 : 83;
0524 : bf;
0525 : 17;
0526 : b6;
0527 : 2d;
0528 : 59;
0529 : 37;
052a : 87;
052b : 5f;
052c : 43;
052d : 45;
052e : 3f;
052f : b5;
0530 : 94;
0531 : d6;
0532 : c3;
0533 : 7d;
0534 : 92;
0535 : 26;
0536 : 84;
0537 : fe;
0538 : bc;
0539 : be;
053a : 5e;
053b : b1;
053c : da;
053d : c1;
053e : e9;
053f : b4;
0540 : 12;
0541 : ec;
0542 : 05;
0543 : 40;
0544 : 4e;
0545 : 53;
0546 : 2d;
0547 : ee;
0548 : ff;
0549 : dc;
054a : e9;
054b : 23;
054c : 71;
054d : 11;
054e : 7f;
054f : 52;
0550 : 56;
0551 : 70;
0552 : 76;
0553 : 0c;
0554 : 3f;
0555 : 86;
0556 : e2;
0557 : 2e;
0558 : 98;
0559 : 7e;
055a : 0b;
055b : 6b;
055c : 47;
055d : 41;
055e : b4;
055f : d2;
0560 : 7d;
0561 : 43;
0562 : da;
0563 : b1;
0564 : 68;
0565 : 32;
0566 : ac;
0567 : d7;
0568 : 91;
0569 : 92;
056a : a4;
056b : d0;
056c : d4;
056d : 31;
056e : 66;
056f : 9e;
0570 : ec;
0571 : 4a;
0572 : 54;
0573 : 99;
0574 : b4;
0575 : f6;
0576 : f9;
0577 : f1;
0578 : 0f;
0579 : a1;
057a : 61;
057b : eb;
057c : 55;
057d : ef;
057e : 44;
057f : 37;
0580 : ab;
0581 : 4b;
0582 : 19;
0583 : e6;
0584 : cc;
0585 : d1;
0586 : de;
0587 : 54;
0588 : e0;
0589 : 58;
058a : 1b;
058b : 06;
058c : c1;
058d : fb;
058e : dd;
058f : 6d;
0590 : ba;
0591 : 0d;
0592 : 35;
0593 : 8f;
0594 : 9d;
0595 : 5f;
0596 : b6;
0597 : a4;
0598 : e1;
0599 : 41;
059a : be;
059b : 05;
059c : ee;
059d : 76;
059e : 86;
059f : 26;
05a0 : e2;
05a1 : 22;
05a2 : 7e;
05a3 : a5;
05a4 : 25;
05a5 : 77;
05a6 : 80;
05a7 : a6;
05a8 : 7f;
05a9 : 60;
05aa : ce;
05ab : 03;
05ac : 08;
05ad : c6;
05ae : bd;
05af : 96;
05b0 : 92;
05b1 : 38;
05b2 : 97;
05b3 : e9;
05b4 : b4;
05b5 : 80;
05b6 : 30;
05b7 : b3;
05b8 : 09;
05b9 : c7;
05ba : 3d;
05bb : 79;
05bc : 17;
05bd : eb;
05be : 07;
05bf : c4;
05c0 : 40;
05c1 : c0;
05c2 : 08;
05c3 : 11;
05c4 : 9c;
05c5 : ec;
05c6 : cb;
05c7 : e8;
05c8 : 1c;
05c9 : 0c;
05ca : 8f;
05cb : 25;
05cc : e7;
05cd : 37;
05ce : 2e;
05cf : 05;
05d0 : 21;
05d1 : b4;
05d2 : 9e;
05d3 : c0;
05d4 : a3;
05d5 : 48;
05d6 : b4;
05d7 : b8;
05d8 : a1;
05d9 : 38;
05da : 2b;
05db : 34;
05dc : 55;
05dd : d1;
05de : 2c;
05df : 3a;
05e0 : 57;
05e1 : e2;
05e2 : 6e;
05e3 : 97;
05e4 : 95;
05e5 : e1;
05e6 : a7;
05e7 : 6f;
05e8 : 0c;
05e9 : c2;
05ea : 0e;
05eb : 3d;
05ec : c3;
05ed : 2c;
05ee : 8b;
05ef : 7f;
05f0 : 86;
05f1 : 25;
05f2 : 83;
05f3 : b6;
05f4 : ca;
05f5 : 03;
05f6 : e5;
05f7 : f8;
05f8 : 03;
05f9 : 4b;
05fa : e6;
05fb : a9;
05fc : 5c;
05fd : 2d;
05fe : 45;
05ff : 3c;
0600 : 94;
0601 : 05;
0602 : dc;
0603 : 3a;
0604 : 0c;
0605 : ab;
0606 : 3b;
0607 : 1b;
0608 : bc;
0609 : 2d;
060a : c5;
060b : 36;
060c : 03;
060d : 59;
060e : a8;
060f : bd;
0610 : 24;
0611 : 14;
0612 : 1c;
0613 : d5;
0614 : ed;
0615 : 15;
0616 : 17;
0617 : 84;
0618 : 21;
0619 : f2;
061a : 65;
061b : 2a;
061c : 79;
061d : a1;
061e : d0;
061f : 1d;
0620 : ef;
0621 : c6;
0622 : 00;
0623 : 72;
0624 : 31;
0625 : ea;
0626 : 01;
0627 : e0;
0628 : 31;
0629 : ed;
062a : d0;
062b : 75;
062c : e9;
062d : 90;
062e : ec;
062f : bc;
0630 : bf;
0631 : 95;
0632 : 20;
0633 : 54;
0634 : 91;
0635 : bf;
0636 : 2f;
0637 : d4;
0638 : 60;
0639 : 12;
063a : 7e;
063b : d8;
063c : 97;
063d : 57;
063e : ae;
063f : 5d;
0640 : 4e;
0641 : 1a;
0642 : 20;
0643 : ad;
0644 : 37;
0645 : 96;
0646 : 0b;
0647 : b2;
0648 : 25;
0649 : b3;
064a : 14;
064b : 32;
064c : e8;
064d : 17;
064e : 3b;
064f : ea;
0650 : 0c;
0651 : 69;
0652 : 57;
0653 : ae;
0654 : bc;
0655 : 71;
0656 : 8a;
0657 : 3d;
0658 : 3b;
0659 : 3f;
065a : a1;
065b : 4b;
065c : 1e;
065d : 76;
065e : 5f;
065f : 3e;
0660 : 1e;
0661 : 89;
0662 : 8c;
0663 : f7;
0664 : 43;
0665 : f9;
0666 : 42;
0667 : a8;
0668 : c9;
0669 : 93;
066a : aa;
066b : 52;
066c : 37;
066d : 44;
066e : ac;
066f : a3;
0670 : de;
0671 : 4d;
0672 : eb;
0673 : ae;
0674 : 87;
0675 : 8c;
0676 : 73;
0677 : e5;
0678 : 5d;
0679 : fc;
067a : 71;
067b : af;
067c : 5b;
067d : f3;
067e : a4;
067f : 47;
0680 : 94;
0681 : 33;
0682 : 6a;
0683 : 4a;
0684 : ab;
0685 : 1d;
0686 : 70;
0687 : 76;
0688 : 19;
0689 : 83;
068a : 59;
068b : a0;
068c : 8f;
068d : 5e;
068e : b7;
068f : 5c;
0690 : 3d;
0691 : 92;
0692 : 99;
0693 : 5d;
0694 : 9b;
0695 : 61;
0696 : 57;
0697 : f3;
0698 : 4e;
0699 : 67;
069a : 2a;
069b : 4e;
069c : 3c;
069d : c8;
069e : 97;
069f : c5;
06a0 : 73;
06a1 : 2e;
06a2 : 7b;
06a3 : 9a;
06a4 : c9;
06a5 : a7;
06a6 : ac;
06a7 : bf;
06a8 : 1c;
06a9 : d9;
06aa : b7;
06ab : 02;
06ac : a6;
06ad : fd;
06ae : 0f;
06af : f8;
06b0 : 99;
06b1 : 18;
06b2 : 5f;
06b3 : a9;
06b4 : b8;
06b5 : 84;
06b6 : 1c;
06b7 : a1;
06b8 : 98;
06b9 : e4;
06ba : 1a;
06bb : 84;
06bc : 4d;
06bd : 4f;
06be : 04;
06bf : cd;
06c0 : 36;
06c1 : 92;
06c2 : fc;
06c3 : 36;
06c4 : df;
06c5 : 1e;
06c6 : f8;
06c7 : 99;
06c8 : 01;
06c9 : 7a;
06ca : a7;
06cb : ef;
06cc : 54;
06cd : 7a;
06ce : 1b;
06cf : 8a;
06d0 : 8c;
06d1 : 90;
06d2 : e8;
06d3 : d6;
06d4 : 20;
06d5 : 78;
06d6 : d2;
06d7 : 7e;
06d8 : 3c;
06d9 : 43;
06da : 4a;
06db : 4f;
06dc : 23;
06dd : 7c;
06de : 6f;
06df : 46;
06e0 : 7d;
06e1 : a9;
06e2 : cd;
06e3 : 6b;
06e4 : 99;
06e5 : f6;
06e6 : ed;
06e7 : d7;
06e8 : 12;
06e9 : f9;
06ea : 75;
06eb : a7;
06ec : b3;
06ed : d4;
06ee : 6b;
06ef : 51;
06f0 : ab;
06f1 : 3e;
06f2 : 30;
06f3 : 50;
06f4 : 12;
06f5 : ca;
06f6 : bf;
06f7 : f0;
06f8 : ef;
06f9 : 1c;
06fa : a6;
06fb : f9;
06fc : 88;
06fd : 62;
06fe : 63;
06ff : a1;
0700 : 65;
0701 : 96;
0702 : 80;
0703 : 26;
0704 : 0c;
0705 : ee;
0706 : 7e;
0707 : 74;
0708 : e4;
0709 : b0;
070a : 80;
070b : d4;
070c : 4d;
070d : 2e;
070e : 33;
070f : b2;
0710 : 26;
0711 : 4a;
0712 : 82;
0713 : 66;
0714 : 4a;
0715 : 9d;
0716 : f2;
0717 : 42;
0718 : af;
0719 : c0;
071a : 6a;
071b : 18;
071c : 0c;
071d : 70;
071e : 01;
071f : c6;
0720 : 2f;
0721 : 3f;
0722 : 8d;
0723 : 2d;
0724 : e6;
0725 : 1d;
0726 : 6f;
0727 : a1;
0728 : ec;
0729 : 49;
072a : 51;
072b : a7;
072c : 7f;
072d : 2d;
072e : 67;
072f : 59;
0730 : 07;
0731 : ca;
0732 : 4c;
0733 : 82;
0734 : 3d;
0735 : b5;
0736 : c2;
0737 : a1;
0738 : 67;
0739 : ba;
073a : 49;
073b : 66;
073c : 1a;
073d : b7;
073e : a9;
073f : e7;
0740 : b0;
0741 : f5;
0742 : 70;
0743 : ff;
0744 : 52;
0745 : 42;
0746 : de;
0747 : 22;
0748 : 07;
0749 : 03;
074a : d3;
074b : 0a;
074c : bd;
074d : 2d;
074e : 16;
074f : 6d;
0750 : 86;
0751 : 6e;
0752 : 18;
0753 : 33;
0754 : 3b;
0755 : 4e;
0756 : f4;
0757 : ec;
0758 : 50;
0759 : 1e;
075a : f1;
075b : 50;
075c : ed;
075d : 9d;
075e : ca;
075f : 13;
0760 : ed;
0761 : 75;
0762 : cc;
0763 : a6;
0764 : 88;
0765 : 79;
0766 : 19;
0767 : 68;
0768 : 23;
0769 : 36;
076a : a7;
076b : 92;
076c : 4d;
076d : 3f;
076e : d9;
076f : 5b;
0770 : ab;
0771 : 73;
0772 : 98;
0773 : 82;
0774 : ec;
0775 : f5;
0776 : dd;
0777 : 0c;
0778 : 02;
0779 : 10;
077a : 14;
077b : 3d;
077c : a4;
077d : a2;
077e : e1;
077f : e5;
0780 : f7;
0781 : db;
0782 : 52;
0783 : ab;
0784 : 31;
0785 : 53;
0786 : d4;
0787 : 4a;
0788 : 1a;
0789 : 23;
078a : be;
078b : 6c;
078c : 4c;
078d : a6;
078e : 0a;
078f : f6;
0790 : 8f;
0791 : 67;
0792 : 9a;
0793 : 91;
0794 : b1;
0795 : 47;
0796 : 1e;
0797 : 9d;
0798 : fc;
0799 : 7d;
079a : 5b;
079b : 1d;
079c : f6;
079d : b8;
079e : 53;
079f : 6d;
07a0 : 9e;
07a1 : 20;
07a2 : 7a;
07a3 : a7;
07a4 : 0d;
07a5 : d4;
07a6 : d1;
07a7 : 18;
07a8 : 92;
07a9 : 55;
07aa : 55;
07ab : dc;
07ac : a1;
07ad : 00;
07ae : 95;
07af : 77;
07b0 : a3;
07b1 : 39;
07b2 : 0a;
07b3 : 04;
07b4 : b0;
07b5 : f7;
07b6 : 89;
07b7 : f0;
07b8 : ac;
07b9 : f7;
07ba : 50;
07bb : 11;
07bc : ed;
07bd : 95;
07be : dc;
07bf : b6;
07c0 : b4;
07c1 : 0c;
07c2 : 7a;
07c3 : 8f;
07c4 : 3a;
07c5 : 18;
07c6 : 77;
07c7 : 99;
07c8 : 2b;
07c9 : 05;
07ca : 54;
07cb : 06;
07cc : 8f;
07cd : 17;
07ce : cf;
07cf : 99;
07d0 : c9;
07d1 : c4;
07d2 : db;
07d3 : 9c;
07d4 : 57;
07d5 : fe;
07d6 : a1;
07d7 : b0;
07d8 : 9b;
07d9 : 98;
07da : fa;
07db : b4;
07dc : f4;
07dd : 13;
07de : 76;
07df : 47;
07e0 : 9b;
07e1 : f8;
07e2 : 78;
07e3 : 12;
07e4 : c6;
07e5 : 64;
07e6 : 08;
07e7 : 26;
07e8 : 43;
07e9 : d9;
07ea : 56;
07eb : 61;
07ec : 89;
07ed : 3c;
07ee : 13;
07ef : 6f;
07f0 : 6d;
07f1 : c0;
07f2 : 05;
07f3 : e8;
07f4 : 96;
07f5 : 2f;
07f6 : a7;
07f7 : 73;
07f8 : b5;
07f9 : c3;
07fa : 76;
07fb : 88;
07fc : 34;
07fd : 2a;
07fe : c7;
07ff : 9c;
0800 : d6;
0801 : 07;
0802 : b3;
0803 : f0;
0804 : c4;
0805 : 7c;
0806 : da;
0807 : 89;
0808 : 10;
0809 : 81;
080a : 2f;
080b : ff;
080c : de;
080d : a1;
080e : c3;
080f : 3e;
0810 : e9;
0811 : da;
0812 : bd;
0813 : db;
0814 : dd;
0815 : 62;
0816 : 31;
0817 : 44;
0818 : 40;
0819 : 5c;
081a : cd;
081b : 40;
081c : 34;
081d : e5;
081e : 76;
081f : d8;
0820 : cb;
0821 : b6;
0822 : 83;
0823 : 08;
0824 : 9a;
0825 : b3;
0826 : 4f;
0827 : c4;
0828 : bc;
0829 : 60;
082a : 2c;
082b : 45;
082c : 72;
082d : 2b;
082e : 7f;
082f : 2b;
0830 : 4a;
0831 : fa;
0832 : e5;
0833 : 6a;
0834 : be;
0835 : f5;
0836 : 42;
0837 : 4b;
0838 : 89;
0839 : 21;
083a : de;
083b : 93;
083c : d6;
083d : a4;
083e : 8a;
083f : 2e;
0840 : 89;
0841 : 86;
0842 : 64;
0843 : fb;
0844 : 48;
0845 : 6e;
0846 : d4;
0847 : b9;
0848 : b1;
0849 : 87;
084a : d7;
084b : 0b;
084c : a2;
084d : a2;
084e : f0;
084f : 40;
0850 : 08;
0851 : 86;
0852 : da;
0853 : 91;
0854 : 02;
0855 : f9;
0856 : b5;
0857 : 13;
0858 : 1d;
0859 : d6;
085a : 64;
085b : 5c;
085c : 8d;
085d : 79;
085e : c3;
085f : 0d;
0860 : 0b;
0861 : 8a;
0862 : b9;
0863 : 2a;
0864 : 95;
0865 : 5d;
0866 : 5c;
0867 : 05;
0868 : 6e;
0869 : ad;
086a : c0;
086b : b5;
086c : fb;
086d : 21;
086e : dc;
086f : 02;
0870 : 65;
0871 : 57;
0872 : 41;
0873 : 40;
0874 : fa;
0875 : 83;
0876 : 6e;
0877 : c2;
0878 : 29;
0879 : 2a;
087a : 6e;
087b : d6;
087c : ad;
087d : 24;
087e : 39;
087f : 1e;
0880 : 09;
0881 : a8;
0882 : b8;
0883 : 63;
0884 : d7;
0885 : 36;
0886 : d2;
0887 : 29;
0888 : c1;
0889 : 91;
088a : 19;
088b : ba;
088c : 6f;
088d : 57;
088e : 0b;
088f : 6d;
0890 : 76;
0891 : 95;
0892 : 05;
0893 : 21;
0894 : 39;
0895 : 91;
0896 : 2a;
0897 : 6f;
0898 : 36;
0899 : 0a;
089a : a4;
089b : e1;
089c : 21;
089d : 33;
089e : f7;
089f : 45;
08a0 : 55;
08a1 : 9d;
08a2 : 18;
08a3 : 80;
08a4 : fc;
08a5 : d8;
08a6 : 01;
08a7 : 52;
08a8 : e8;
08a9 : c2;
08aa : 78;
08ab : 7a;
08ac : f3;
08ad : b0;
08ae : eb;
08af : a1;
08b0 : 8b;
08b1 : 0a;
08b2 : 40;
08b3 : 69;
08b4 : 34;
08b5 : 47;
08b6 : 66;
08b7 : 31;
08b8 : 00;
08b9 : 3f;
08ba : 98;
08bb : e4;
08bc : 31;
08bd : 5e;
08be : 0d;
08bf : 47;
08c0 : 86;
08c1 : c0;
08c2 : 51;
08c3 : d0;
08c4 : c3;
08c5 : a0;
08c6 : c1;
08c7 : f1;
08c8 : 4c;
08c9 : 4c;
08ca : d7;
08cb : e2;
08cc : d6;
08cd : 06;
08ce : 93;
08cf : 87;
08d0 : 50;
08d1 : 0f;
08d2 : 92;
08d3 : 6b;
08d4 : 4c;
08d5 : d2;
08d6 : ae;
08d7 : fb;
08d8 : 8a;
08d9 : d9;
08da : 85;
08db : c5;
08dc : ed;
08dd : a3;
08de : 0d;
08df : 21;
08e0 : f4;
08e1 : 52;
08e2 : 61;
08e3 : 35;
08e4 : 29;
08e5 : a3;
08e6 : 48;
08e7 : 53;
08e8 : 31;
08e9 : 5d;
08ea : bb;
08eb : f0;
08ec : b8;
08ed : f8;
08ee : 8c;
08ef : 92;
08f0 : 15;
08f1 : 87;
08f2 : 32;
08f3 : 43;
08f4 : b8;
08f5 : 25;
08f6 : 66;
08f7 : 04;
08f8 : 5d;
08f9 : aa;
08fa : 59;
08fb : 1b;
08fc : fa;
08fd : b3;
08fe : 33;
08ff : b3;
0900 : 54;
0901 : 66;
0902 : 1f;
0903 : 88;
0904 : 0f;
0905 : 03;
0906 : 58;
0907 : 85;
0908 : 54;
0909 : 0a;
090a : 71;
090b : 85;
090c : ab;
090d : d3;
090e : 03;
090f : f4;
0910 : e9;
0911 : 5c;
0912 : 79;
0913 : d3;
0914 : a9;
0915 : 10;
0916 : 72;
0917 : 5f;
0918 : 3e;
0919 : 5e;
091a : 99;
091b : c5;
091c : 4f;
091d : d0;
091e : 4d;
091f : f4;
0920 : 0a;
0921 : 05;
0922 : 16;
0923 : 39;
0924 : 74;
0925 : 3d;
0926 : 04;
0927 : f0;
0928 : d3;
0929 : 7f;
092a : aa;
092b : 78;
092c : aa;
092d : cc;
092e : 09;
092f : 4f;
0930 : a9;
0931 : 82;
0932 : 2d;
0933 : 90;
0934 : a6;
0935 : 9d;
0936 : 79;
0937 : 7b;
0938 : e1;
0939 : b6;
093a : 59;
093b : 51;
093c : 23;
093d : 6d;
093e : 34;
093f : 63;
0940 : f4;
0941 : 3a;
0942 : be;
0943 : 6b;
0944 : 21;
0945 : a7;
0946 : f0;
0947 : c1;
0948 : a0;
0949 : 39;
094a : d5;
094b : 17;
094c : 5f;
094d : 4b;
094e : ec;
094f : 23;
0950 : 1d;
0951 : d0;
0952 : db;
0953 : eb;
0954 : ca;
0955 : a2;
0956 : a9;
0957 : 26;
0958 : 9b;
0959 : 95;
095a : 2c;
095b : 4b;
095c : d3;
095d : cd;
095e : b5;
095f : d9;
0960 : 5c;
0961 : bb;
0962 : a7;
0963 : bc;
0964 : fd;
0965 : 30;
0966 : a0;
0967 : 44;
0968 : cb;
0969 : 4e;
096a : ee;
096b : 07;
096c : b9;
096d : ad;
096e : a9;
096f : 36;
0970 : 7a;
0971 : ec;
0972 : 10;
0973 : 2c;
0974 : 22;
0975 : 71;
0976 : a4;
0977 : 5b;
0978 : 6c;
0979 : 6a;
097a : 6c;
097b : da;
097c : ed;
097d : 81;
097e : aa;
097f : 41;
0980 : b6;
0981 : ab;
0982 : 69;
0983 : 1d;
0984 : 07;
0985 : fa;
0986 : f8;
0987 : e5;
0988 : 76;
0989 : 1f;
098a : 31;
098b : 3b;
098c : a4;
098d : aa;
098e : bb;
098f : 2d;
0990 : 20;
0991 : c5;
0992 : f5;
0993 : 98;
0994 : 15;
0995 : e1;
0996 : 78;
0997 : 5d;
0998 : 45;
0999 : 89;
099a : 93;
099b : 33;
099c : 61;
099d : 49;
099e : a3;
099f : a1;
09a0 : 86;
09a1 : 8c;
09a2 : e8;
09a3 : ec;
09a4 : 24;
09a5 : f0;
09a6 : 6c;
09a7 : 38;
09a8 : e8;
09a9 : fc;
09aa : 3e;
09ab : 78;
09ac : 90;
09ad : 0b;
09ae : f3;
09af : b3;
09b0 : 22;
09b1 : 11;
09b2 : d5;
09b3 : 10;
09b4 : ff;
09b5 : 2c;
09b6 : fb;
09b7 : 9e;
09b8 : da;
09b9 : a3;
09ba : 98;
09bb : d1;
09bc : 80;
09bd : 5d;
09be : be;
09bf : 00;
09c0 : c6;
09c1 : d7;
09c2 : 66;
09c3 : 22;
09c4 : 24;
09c5 : 4b;
09c6 : e9;
09c7 : f5;
09c8 : 8e;
09c9 : 06;
09ca : b0;
09cb : eb;
09cc : c3;
09cd : 37;
09ce : 05;
09cf : 63;
09d0 : 11;
09d1 : 2a;
09d2 : d3;
09d3 : 7d;
09d4 : fc;
09d5 : 2f;
09d6 : 53;
09d7 : 8e;
09d8 : b0;
09d9 : b7;
09da : 8f;
09db : 1b;
09dc : 82;
09dd : c4;
09de : 95;
09df : 7a;
09e0 : 38;
09e1 : 0b;
09e2 : 76;
09e3 : a2;
09e4 : 49;
09e5 : 4c;
09e6 : 17;
09e7 : 24;
09e8 : 93;
09e9 : 7f;
09ea : 51;
09eb : ae;
09ec : 26;
09ed : da;
09ee : d7;
09ef : 06;
09f0 : e7;
09f1 : 71;
09f2 : eb;
09f3 : a5;
09f4 : 86;
09f5 : e3;
09f6 : 79;
09f7 : 3d;
09f8 : eb;
09f9 : 58;
09fa : 2c;
09fb : 10;
09fc : a6;
09fd : 9c;
09fe : 1f;
09ff : 53;
0a00 : ce;
0a01 : c0;
0a02 : 86;
0a03 : b0;
0a04 : 8f;
0a05 : 6e;
0a06 : c4;
0a07 : 07;
0a08 : da;
0a09 : da;
0a0a : 0a;
0a0b : 68;
0a0c : 97;
0a0d : 71;
0a0e : de;
0a0f : 32;
0a10 : 58;
0a11 : e4;
0a12 : 15;
0a13 : c5;
0a14 : 72;
0a15 : 5b;
0a16 : 66;
0a17 : 75;
0a18 : 9d;
0a19 : 84;
0a1a : ad;
0a1b : 70;
0a1c : 87;
0a1d : 9b;
0a1e : 36;
0a1f : 5d;
0a20 : 3c;
0a21 : e5;
0a22 : 2c;
0a23 : c3;
0a24 : 69;
0a25 : bf;
0a26 : b1;
0a27 : cd;
0a28 : 54;
0a29 : 96;
0a2a : 67;
0a2b : d0;
0a2c : 9e;
0a2d : 0a;
0a2e : ef;
0a2f : ff;
0a30 : 6c;
0a31 : 37;
0a32 : 84;
0a33 : 7d;
0a34 : 6e;
0a35 : 66;
0a36 : 6e;
0a37 : af;
0a38 : 55;
0a39 : c1;
0a3a : 06;
0a3b : e3;
0a3c : b2;
0a3d : 03;
0a3e : 2b;
0a3f : 72;
0a40 : d7;
0a41 : f3;
0a42 : ed;
0a43 : 0f;
0a44 : 87;
0a45 : f1;
0a46 : 12;
0a47 : c9;
0a48 : ea;
0a49 : 55;
0a4a : d0;
0a4b : d2;
0a4c : d9;
0a4d : 7c;
0a4e : 19;
0a4f : 31;
0a50 : 43;
0a51 : 7b;
0a52 : 95;
0a53 : 4d;
0a54 : 31;
0a55 : b8;
0a56 : 7c;
0a57 : 6a;
0a58 : 5c;
0a59 : 11;
0a5a : cf;
0a5b : 72;
0a5c : 20;
0a5d : 19;
0a5e : 91;
0a5f : 0d;
0a60 : 89;
0a61 : 87;
0a62 : 05;
0a63 : 95;
0a64 : d1;
0a65 : 54;
0a66 : b4;
0a67 : fe;
0a68 : 67;
0a69 : dd;
0a6a : 11;
0a6b : ca;
0a6c : 62;
0a6d : 99;
0a6e : 7c;
0a6f : 1d;
0a70 : 3e;
0a71 : cf;
0a72 : 33;
0a73 : 5e;
0a74 : 02;
0a75 : b9;
0a76 : 79;
0a77 : 66;
0a78 : 86;
0a79 : 52;
0a7a : b4;
0a7b : a8;
0a7c : 3e;
0a7d : a1;
0a7e : 96;
0a7f : 43;
0a80 : 13;
0a81 : 62;
0a82 : 30;
0a83 : a6;
0a84 : 4b;
0a85 : 09;
0a86 : f4;
0a87 : 44;
0a88 : dd;
0a89 : e1;
0a8a : 42;
0a8b : 7b;
0a8c : 9b;
0a8d : e3;
0a8e : 2e;
0a8f : 00;
0a90 : 43;
0a91 : 39;
0a92 : d9;
0a93 : a1;
0a94 : 0b;
0a95 : 03;
0a96 : c4;
0a97 : a7;
0a98 : 83;
0a99 : 7a;
0a9a : 8c;
0a9b : 33;
0a9c : 50;
0a9d : f0;
0a9e : ff;
0a9f : ad;
0aa0 : f0;
0aa1 : cc;
0aa2 : f9;
0aa3 : fa;
0aa4 : d3;
0aa5 : 92;
0aa6 : e3;
0aa7 : 27;
0aa8 : 9e;
0aa9 : 6a;
0aaa : ff;
0aab : 9c;
0aac : 1f;
0aad : 35;
0aae : 7c;
0aaf : 58;
0ab0 : f8;
0ab1 : 27;
0ab2 : c4;
0ab3 : f5;
0ab4 : 63;
0ab5 : fa;
0ab6 : 3f;
0ab7 : 8d;
0ab8 : 3e;
0ab9 : bc;
0aba : 39;
0abb : 3b;
0abc : 62;
0abd : 32;
0abe : 99;
0abf : 13;
0ac0 : 0c;
0ac1 : ab;
0ac2 : d5;
0ac3 : a0;
0ac4 : ad;
0ac5 : a3;
0ac6 : dd;
0ac7 : 28;
0ac8 : 22;
0ac9 : 14;
0aca : 1d;
0acb : de;
0acc : e4;
0acd : 73;
0ace : 25;
0acf : 60;
0ad0 : 4d;
0ad1 : ad;
0ad2 : 91;
0ad3 : d6;
0ad4 : 64;
0ad5 : ab;
0ad6 : e6;
0ad7 : 0f;
0ad8 : 90;
0ad9 : c2;
0ada : 30;
0adb : 75;
0adc : 42;
0add : 24;
0ade : 60;
0adf : 76;
0ae0 : 0d;
0ae1 : ae;
0ae2 : 08;
0ae3 : 2f;
0ae4 : 4e;
0ae5 : 71;
0ae6 : dc;
0ae7 : 2b;
0ae8 : 3d;
0ae9 : ab;
0aea : 22;
0aeb : 00;
0aec : 35;
0aed : 3b;
0aee : 23;
0aef : 6d;
0af0 : 77;
0af1 : c6;
0af2 : 0a;
0af3 : 42;
0af4 : d5;
0af5 : 9b;
0af6 : eb;
0af7 : c3;
0af8 : 75;
0af9 : 1e;
0afa : 5a;
0afb : f4;
0afc : ab;
0afd : 85;
0afe : 5e;
0aff : 23;
0b00 : 7a;
0b01 : 91;
0b02 : 7d;
0b03 : 38;
0b04 : 83;
0b05 : f6;
0b06 : ab;
0b07 : 1d;
0b08 : 3c;
0b09 : a0;
0b0a : a6;
0b0b : 63;
0b0c : 0b;
0b0d : 19;
0b0e : a0;
0b0f : b1;
0b10 : d3;
0b11 : ce;
0b12 : 71;
0b13 : a8;
0b14 : 05;
0b15 : 14;
0b16 : d0;
0b17 : 7d;
0b18 : dc;
0b19 : a8;
0b1a : 35;
0b1b : eb;
0b1c : 24;
0b1d : 57;
0b1e : 8a;
0b1f : 7b;
0b20 : f8;
0b21 : 20;
0b22 : c6;
0b23 : 4c;
0b24 : ff;
0b25 : e2;
0b26 : bb;
0b27 : 91;
0b28 : 2a;
0b29 : 15;
0b2a : c3;
0b2b : 22;
0b2c : 20;
0b2d : 9a;
0b2e : 83;
0b2f : 6b;
0b30 : 33;
0b31 : ab;
0b32 : 2d;
0b33 : 06;
0b34 : d9;
0b35 : 20;
0b36 : e4;
0b37 : 64;
0b38 : dc;
0b39 : b8;
0b3a : ea;
0b3b : ca;
0b3c : 23;
0b3d : 1d;
0b3e : 73;
0b3f : eb;
0b40 : a1;
0b41 : da;
0b42 : 42;
0b43 : 21;
0b44 : b4;
0b45 : 96;
0b46 : 9d;
0b47 : 11;
0b48 : 1a;
0b49 : 6f;
0b4a : 28;
0b4b : eb;
0b4c : 05;
0b4d : 61;
0b4e : 15;
0b4f : a2;
0b50 : 67;
0b51 : 24;
0b52 : 99;
0b53 : d9;
0b54 : df;
0b55 : 16;
0b56 : ee;
0b57 : f5;
0b58 : 3f;
0b59 : c5;
0b5a : 0c;
0b5b : e3;
0b5c : 8d;
0b5d : 1a;
0b5e : 82;
0b5f : 7f;
0b60 : 83;
0b61 : 22;
0b62 : b5;
0b63 : 97;
0b64 : cc;
0b65 : 81;
0b66 : 8e;
0b67 : 45;
0b68 : 17;
0b69 : a4;
0b6a : 84;
0b6b : a0;
0b6c : 77;
0b6d : 31;
0b6e : aa;
0b6f : 24;
0b70 : c3;
0b71 : 11;
0b72 : b5;
0b73 : f3;
0b74 : b6;
0b75 : d5;
0b76 : 2b;
0b77 : c9;
0b78 : 77;
0b79 : 7d;
0b7a : 7d;
0b7b : 0f;
0b7c : a6;
0b7d : a9;
0b7e : 82;
0b7f : 19;
0b80 : 44;
0b81 : f5;
0b82 : d5;
0b83 : 0a;
0b84 : ca;
0b85 : d7;
0b86 : 24;
0b87 : fa;
0b88 : b5;
0b89 : 22;
0b8a : 71;
0b8b : 8a;
0b8c : 9b;
0b8d : 4d;
0b8e : 79;
0b8f : fc;
0b90 : 2e;
0b91 : 5f;
0b92 : 85;
0b93 : dc;
0b94 : 03;
0b95 : 38;
0b96 : e4;
0b97 : 0e;
0b98 : 3d;
0b99 : 6d;
0b9a : 62;
0b9b : 51;
0b9c : 36;
0b9d : f3;
0b9e : ac;
0b9f : 44;
0ba0 : 84;
0ba1 : 6f;
0ba2 : f9;
0ba3 : 7f;
0ba4 : 57;
0ba5 : fe;
0ba6 : 34;
0ba7 : 69;
0ba8 : 23;
0ba9 : b0;
0baa : ae;
0bab : 69;
0bac : f3;
0bad : 75;
0bae : 12;
0baf : 9d;
0bb0 : 88;
0bb1 : 61;
0bb2 : 71;
0bb3 : ca;
0bb4 : 93;
0bb5 : f4;
0bb6 : 5f;
0bb7 : ed;
0bb8 : 01;
0bb9 : f3;
0bba : 7e;
0bbb : 1a;
0bbc : 2a;
0bbd : 59;
0bbe : f8;
0bbf : 71;
0bc0 : bf;
0bc1 : 3d;
0bc2 : bd;
0bc3 : df;
0bc4 : 21;
0bc5 : 17;
0bc6 : 3d;
0bc7 : 4d;
0bc8 : 0b;
0bc9 : e9;
0bca : e6;
0bcb : d6;
0bcc : 36;
0bcd : dc;
0bce : be;
0bcf : 25;
0bd0 : 58;
0bd1 : ad;
0bd2 : 82;
0bd3 : 7d;
0bd4 : f6;
0bd5 : d1;
0bd6 : 68;
0bd7 : e7;
0bd8 : ff;
0bd9 : be;
0bda : 05;
0bdb : 6d;
0bdc : 2b;
0bdd : ca;
0bde : 90;
0bdf : ba;
0be0 : d8;
0be1 : 87;
0be2 : 3e;
0be3 : cc;
0be4 : e7;
0be5 : 6b;
0be6 : fb;
0be7 : c4;
0be8 : b4;
0be9 : 99;
0bea : 58;
0beb : 9e;
0bec : 2f;
0bed : 87;
0bee : d2;
0bef : ea;
0bf0 : 50;
0bf1 : 41;
0bf2 : 31;
0bf3 : 4d;
0bf4 : aa;
0bf5 : 45;
0bf6 : 4a;
0bf7 : 84;
0bf8 : 34;
0bf9 : 50;
0bfa : 1d;
0bfb : bf;
0bfc : 60;
0bfd : f6;
0bfe : 01;
0bff : 5f;
0c00 : 6c;
0c01 : fd;
0c02 : 8f;
0c03 : 93;
0c04 : 50;
0c05 : 47;
0c06 : 03;
0c07 : e9;
0c08 : 44;
0c09 : 50;
0c0a : e2;
0c0b : e3;
0c0c : 34;
0c0d : cc;
0c0e : 24;
0c0f : 7c;
0c10 : c2;
0c11 : 2f;
0c12 : 25;
0c13 : 43;
0c14 : 9d;
0c15 : 45;
0c16 : aa;
0c17 : 48;
0c18 : 14;
0c19 : 63;
0c1a : 62;
0c1b : e7;
0c1c : 6a;
0c1d : f6;
0c1e : 06;
0c1f : 78;
0c20 : 6e;
0c21 : 89;
0c22 : f7;
0c23 : 0c;
0c24 : 9e;
0c25 : 4b;
0c26 : 33;
0c27 : b7;
0c28 : 67;
0c29 : 90;
0c2a : 5c;
0c2b : 2c;
0c2c : e6;
0c2d : 44;
0c2e : 6f;
0c2f : ef;
0c30 : b0;
0c31 : 52;
0c32 : 58;
0c33 : d5;
0c34 : 5b;
0c35 : 9c;
0c36 : 10;
0c37 : a1;
0c38 : 87;
0c39 : b8;
0c3a : 42;
0c3b : 23;
0c3c : 2c;
0c3d : b8;
0c3e : 56;
0c3f : 8b;
0c40 : 37;
0c41 : 7b;
0c42 : 6d;
0c43 : db;
0c44 : 56;
0c45 : 93;
0c46 : 90;
0c47 : e8;
0c48 : 9f;
0c49 : 73;
0c4a : 42;
0c4b : 67;
0c4c : d8;
0c4d : 18;
0c4e : 72;
0c4f : 98;
0c50 : 07;
0c51 : d5;
0c52 : b8;
0c53 : 8e;
0c54 : df;
0c55 : 3e;
0c56 : f4;
0c57 : ea;
0c58 : c3;
0c59 : 19;
0c5a : 58;
0c5b : e5;
0c5c : 01;
0c5d : 78;
0c5e : 4c;
0c5f : ae;
0c60 : 56;
0c61 : 8e;
0c62 : 2f;
0c63 : ce;
0c64 : 84;
0c65 : aa;
0c66 : 33;
0c67 : 04;
0c68 : 63;
0c69 : e2;
0c6a : 2b;
0c6b : 97;
0c6c : af;
0c6d : 08;
0c6e : 0c;
0c6f : 2d;
0c70 : 1b;
0c71 : 79;
0c72 : 2d;
0c73 : 8f;
0c74 : 04;
0c75 : fb;
0c76 : e2;
0c77 : 09;
0c78 : 1e;
0c79 : 5a;
0c7a : 5f;
0c7b : ad;
0c7c : eb;
0c7d : d5;
0c7e : 54;
0c7f : a2;
0c80 : d2;
0c81 : 57;
0c82 : d2;
0c83 : c7;
0c84 : c4;
0c85 : ab;
0c86 : c0;
0c87 : 69;
0c88 : c3;
0c89 : d5;
0c8a : 65;
0c8b : 3e;
0c8c : 3c;
0c8d : 41;
0c8e : da;
0c8f : 3a;
0c90 : c6;
0c91 : 76;
0c92 : 0d;
0c93 : d0;
0c94 : 2a;
0c95 : fb;
0c96 : ef;
0c97 : dd;
0c98 : 1b;
0c99 : a3;
0c9a : dd;
0c9b : 19;
0c9c : 76;
0c9d : ca;
0c9e : ee;
0c9f : 88;
0ca0 : e4;
0ca1 : 3b;
0ca2 : f6;
0ca3 : cc;
0ca4 : 9a;
0ca5 : 19;
0ca6 : 54;
0ca7 : 55;
0ca8 : a6;
0ca9 : 0e;
0caa : 3b;
0cab : 78;
0cac : 32;
0cad : 3c;
0cae : 41;
0caf : 3d;
0cb0 : 4b;
0cb1 : b2;
0cb2 : 8f;
0cb3 : 3b;
0cb4 : 0f;
0cb5 : b8;
0cb6 : 3c;
0cb7 : 23;
0cb8 : 0d;
0cb9 : b3;
0cba : ec;
0cbb : 90;
0cbc : 74;
0cbd : 32;
0cbe : 9a;
0cbf : 35;
0cc0 : 72;
0cc1 : 30;
0cc2 : 6d;
0cc3 : 4f;
0cc4 : d1;
0cc5 : 22;
0cc6 : 5a;
0cc7 : 07;
0cc8 : 9d;
0cc9 : 85;
0cca : c1;
0ccb : bb;
0ccc : fb;
0ccd : 0c;
0cce : 2b;
0ccf : ce;
0cd0 : e4;
0cd1 : f1;
0cd2 : 9f;
0cd3 : 48;
0cd4 : 06;
0cd5 : af;
0cd6 : f0;
0cd7 : 42;
0cd8 : d9;
0cd9 : e7;
0cda : 3b;
0cdb : 72;
0cdc : b0;
0cdd : d3;
0cde : ab;
0cdf : 23;
0ce0 : fc;
0ce1 : f3;
0ce2 : 15;
0ce3 : 78;
0ce4 : b5;
0ce5 : 34;
0ce6 : e1;
0ce7 : 92;
0ce8 : f3;
0ce9 : 98;
0cea : b1;
0ceb : 69;
0cec : bb;
0ced : 73;
0cee : 48;
0cef : 08;
0cf0 : 88;
0cf1 : 3d;
0cf2 : 09;
0cf3 : a4;
0cf4 : 72;
0cf5 : ec;
0cf6 : cb;
0cf7 : 96;
0cf8 : 47;
0cf9 : 56;
0cfa : 36;
0cfb : 01;
0cfc : b1;
0cfd : 12;
0cfe : a2;
0cff : bd;
0d00 : 12;
0d01 : d5;
0d02 : f0;
0d03 : a9;
0d04 : a0;
0d05 : 69;
0d06 : cf;
0d07 : 36;
0d08 : 38;
0d09 : 3a;
0d0a : be;
0d0b : 9c;
0d0c : 7a;
0d0d : d3;
0d0e : 45;
0d0f : a7;
0d10 : 9d;
0d11 : cc;
0d12 : ae;
0d13 : 4a;
0d14 : e2;
0d15 : 6c;
0d16 : 86;
0d17 : 45;
0d18 : 60;
0d19 : 0c;
0d1a : 5d;
0d1b : 83;
0d1c : c1;
0d1d : 7e;
0d1e : 7b;
0d1f : 04;
0d20 : df;
0d21 : c2;
0d22 : cb;
0d23 : 30;
0d24 : 6a;
0d25 : 20;
0d26 : cb;
0d27 : 26;
0d28 : 2d;
0d29 : 4f;
0d2a : b0;
0d2b : c5;
0d2c : 08;
0d2d : 22;
0d2e : 1f;
0d2f : ce;
0d30 : 6f;
0d31 : ec;
0d32 : e4;
0d33 : bb;
0d34 : bb;
0d35 : 68;
0d36 : 49;
0d37 : 85;
0d38 : 12;
0d39 : 2f;
0d3a : 78;
0d3b : 01;
0d3c : d7;
0d3d : 99;
0d3e : 21;
0d3f : 6d;
0d40 : 84;
0d41 : f5;
0d42 : 22;
0d43 : 0b;
0d44 : e2;
0d45 : 15;
0d46 : b2;
0d47 : 67;
0d48 : 23;
0d49 : 0b;
0d4a : d9;
0d4b : b9;
0d4c : 4d;
0d4d : f7;
0d4e : a3;
0d4f : 0a;
0d50 : 69;
0d51 : ef;
0d52 : 4e;
0d53 : 9c;
0d54 : d0;
0d55 : e8;
0d56 : d8;
0d57 : 96;
0d58 : c6;
0d59 : 81;
0d5a : 6c;
0d5b : 43;
0d5c : 0d;
0d5d : 7b;
0d5e : 11;
0d5f : 17;
0d60 : d1;
0d61 : 3d;
0d62 : 00;
0d63 : e6;
0d64 : 02;
0d65 : ca;
0d66 : d2;
0d67 : 05;
0d68 : 67;
0d69 : 0d;
0d6a : 32;
0d6b : e1;
0d6c : ff;
0d6d : b6;
0d6e : 12;
0d6f : 94;
0d70 : a8;
0d71 : 1b;
0d72 : fb;
0d73 : aa;
0d74 : 43;
0d75 : b0;
0d76 : b9;
0d77 : 91;
0d78 : f8;
0d79 : d6;
0d7a : 65;
0d7b : bf;
0d7c : af;
0d7d : 0b;
0d7e : 4f;
0d7f : 22;
0d80 : 00;
0d81 : bc;
0d82 : 6d;
0d83 : eb;
0d84 : 1c;
0d85 : c5;
0d86 : c7;
0d87 : 93;
0d88 : ab;
0d89 : f8;
0d8a : 30;
0d8b : ab;
0d8c : 02;
0d8d : 87;
0d8e : 5f;
0d8f : dc;
0d90 : 04;
0d91 : ca;
0d92 : 28;
0d93 : 95;
0d94 : 08;
0d95 : 50;
0d96 : f5;
0d97 : 66;
0d98 : b2;
0d99 : 78;
0d9a : 15;
0d9b : 05;
0d9c : ad;
0d9d : bd;
0d9e : 10;
0d9f : 79;
0da0 : 6e;
0da1 : fd;
0da2 : 81;
0da3 : 02;
0da4 : 20;
0da5 : 49;
0da6 : c4;
0da7 : 76;
0da8 : 7e;
0da9 : bb;
0daa : 4b;
0dab : 9b;
0dac : dd;
0dad : a7;
0dae : 44;
0daf : 68;
0db0 : 44;
0db1 : 3b;
0db2 : 6f;
0db3 : fa;
0db4 : 25;
0db5 : 71;
0db6 : 26;
0db7 : 96;
0db8 : d2;
0db9 : 8b;
0dba : 0a;
0dbb : 6c;
0dbc : fc;
0dbd : 8a;
0dbe : 8e;
0dbf : 20;
0dc0 : f0;
0dc1 : a0;
0dc2 : 73;
0dc3 : 38;
0dc4 : 83;
0dc5 : 01;
0dc6 : d7;
0dc7 : 41;
0dc8 : 35;
0dc9 : 68;
0dca : c1;
0dcb : 83;
0dcc : 11;
0dcd : 92;
0dce : 6e;
0dcf : e6;
0dd0 : 61;
0dd1 : 24;
0dd2 : ed;
0dd3 : cc;
0dd4 : 7d;
0dd5 : a0;
0dd6 : 1c;
0dd7 : a2;
0dd8 : b9;
0dd9 : c6;
0dda : df;
0ddb : fe;
0ddc : c8;
0ddd : fe;
0dde : 74;
0ddf : 31;
0de0 : ca;
0de1 : 48;
0de2 : 60;
0de3 : 4b;
0de4 : e2;
0de5 : e6;
0de6 : 7c;
0de7 : 43;
0de8 : c4;
0de9 : 31;
0dea : 8b;
0deb : cf;
0dec : 8b;
0ded : a1;
0dee : 6d;
0def : 0f;
0df0 : af;
0df1 : bf;
0df2 : c0;
0df3 : 08;
0df4 : 2b;
0df5 : ef;
0df6 : 77;
0df7 : 0d;
0df8 : 25;
0df9 : 34;
0dfa : 90;
0dfb : 31;
0dfc : 11;
0dfd : 77;
0dfe : b1;
0dff : a8;
0e00 : c3;
0e01 : 52;
0e02 : cd;
0e03 : e7;
0e04 : 54;
0e05 : c7;
0e06 : 6b;
0e07 : 2d;
0e08 : 94;
0e09 : 80;
0e0a : 79;
0e0b : 31;
0e0c : b5;
0e0d : e5;
0e0e : d1;
0e0f : d5;
0e10 : d4;
0e11 : bb;
0e12 : 8b;
0e13 : 2f;
0e14 : a7;
0e15 : cb;
0e16 : b5;
0e17 : fc;
0e18 : 89;
0e19 : 8b;
0e1a : 57;
0e1b : ff;
0e1c : d1;
0e1d : 43;
0e1e : 90;
0e1f : 83;
0e20 : 7c;
0e21 : 94;
0e22 : fd;
0e23 : c6;
0e24 : 44;
0e25 : 9e;
0e26 : 2f;
0e27 : cb;
0e28 : 75;
0e29 : 72;
0e2a : f8;
0e2b : e7;
0e2c : df;
0e2d : f7;
0e2e : 5d;
0e2f : 6f;
0e30 : 49;
0e31 : ba;
0e32 : 65;
0e33 : aa;
0e34 : 68;
0e35 : 09;
0e36 : 69;
0e37 : d1;
0e38 : 09;
0e39 : 83;
0e3a : 9b;
0e3b : c5;
0e3c : 83;
0e3d : 84;
0e3e : bb;
0e3f : 5e;
0e40 : 6c;
0e41 : 3c;
0e42 : 73;
0e43 : f6;
0e44 : f7;
0e45 : 6e;
0e46 : ac;
0e47 : 1c;
0e48 : 2d;
0e49 : 8c;
0e4a : e3;
0e4b : 4a;
0e4c : ef;
0e4d : 65;
0e4e : 6f;
0e4f : f1;
0e50 : 12;
0e51 : 0b;
0e52 : 20;
0e53 : 0a;
0e54 : 70;
0e55 : ee;
0e56 : 75;
0e57 : ac;
0e58 : 5a;
0e59 : e8;
0e5a : ab;
0e5b : 42;
0e5c : 6f;
0e5d : 96;
0e5e : 58;
0e5f : 02;
0e60 : 87;
0e61 : 90;
0e62 : 08;
0e63 : 79;
0e64 : ef;
0e65 : ba;
0e66 : d2;
0e67 : 04;
0e68 : a5;
0e69 : cf;
0e6a : d6;
0e6b : 75;
0e6c : 88;
0e6d : 86;
0e6e : 04;
0e6f : d7;
0e70 : 8e;
0e71 : 24;
0e72 : 4a;
0e73 : f2;
0e74 : 7c;
0e75 : a8;
0e76 : 2a;
0e77 : 0d;
0e78 : e4;
0e79 : 56;
0e7a : b7;
0e7b : ea;
0e7c : 39;
0e7d : 07;
0e7e : 72;
0e7f : 7a;
0e80 : af;
0e81 : cc;
0e82 : bc;
0e83 : 10;
0e84 : 0e;
0e85 : e0;
0e86 : b5;
0e87 : 33;
0e88 : 87;
0e89 : 34;
0e8a : 70;
0e8b : 37;
0e8c : 7e;
0e8d : a2;
0e8e : d4;
0e8f : a2;
0e90 : 6f;
0e91 : 47;
0e92 : 99;
0e93 : 0b;
0e94 : 02;
0e95 : ea;
0e96 : fd;
0e97 : 62;
0e98 : ac;
0e99 : fd;
0e9a : 6d;
0e9b : 6a;
0e9c : 37;
0e9d : 7b;
0e9e : e4;
0e9f : fa;
0ea0 : b4;
0ea1 : e1;
0ea2 : 0d;
0ea3 : 48;
0ea4 : d1;
0ea5 : 9d;
0ea6 : 1a;
0ea7 : bd;
0ea8 : 2f;
0ea9 : 7c;
0eaa : d8;
0eab : 88;
0eac : 57;
0ead : b1;
0eae : f6;
0eaf : ff;
0eb0 : 84;
0eb1 : 40;
0eb2 : be;
0eb3 : a0;
0eb4 : b7;
0eb5 : e8;
0eb6 : 40;
0eb7 : 79;
0eb8 : ad;
0eb9 : 3e;
0eba : 6a;
0ebb : b1;
0ebc : ef;
0ebd : 57;
0ebe : 44;
0ebf : 9e;
0ec0 : 6a;
0ec1 : 45;
0ec2 : 45;
0ec3 : d8;
0ec4 : 09;
0ec5 : 9c;
0ec6 : 3d;
0ec7 : f3;
0ec8 : bf;
0ec9 : 1f;
0eca : 1c;
0ecb : 76;
0ecc : b3;
0ecd : 76;
0ece : e1;
0ecf : f9;
0ed0 : 01;
0ed1 : 62;
0ed2 : 67;
0ed3 : 08;
0ed4 : 0d;
0ed5 : c2;
0ed6 : c5;
0ed7 : 9b;
0ed8 : 7b;
0ed9 : dd;
0eda : 86;
0edb : 0e;
0edc : 51;
0edd : 7c;
0ede : b3;
0edf : e9;
0ee0 : 34;
0ee1 : 1e;
0ee2 : 5a;
0ee3 : a0;
0ee4 : 4f;
0ee5 : 14;
0ee6 : a4;
0ee7 : ed;
0ee8 : ae;
0ee9 : a6;
0eea : 5a;
0eeb : f1;
0eec : f9;
0eed : fc;
0eee : c6;
0eef : fb;
0ef0 : f3;
0ef1 : 3f;
0ef2 : 46;
0ef3 : 93;
0ef4 : f8;
0ef5 : 4c;
0ef6 : fd;
0ef7 : 47;
0ef8 : 6d;
0ef9 : 13;
0efa : 3c;
0efb : d8;
0efc : 4e;
0efd : 41;
0efe : 47;
0eff : 63;
0f00 : 19;
0f01 : 98;
0f02 : 5d;
0f03 : 4e;
0f04 : ff;
0f05 : d6;
0f06 : f2;
0f07 : 97;
0f08 : 3e;
0f09 : 4b;
0f0a : 63;
0f0b : 22;
0f0c : 15;
0f0d : 04;
0f0e : ae;
0f0f : f2;
0f10 : be;
0f11 : 28;
0f12 : c1;
0f13 : da;
0f14 : 34;
0f15 : 56;
0f16 : 62;
0f17 : 64;
0f18 : 9f;
0f19 : 6c;
0f1a : ba;
0f1b : 8d;
0f1c : 19;
0f1d : 1f;
0f1e : 15;
0f1f : 00;
0f20 : e5;
0f21 : 22;
0f22 : 26;
0f23 : 99;
0f24 : e7;
0f25 : f5;
0f26 : ff;
0f27 : db;
0f28 : 9a;
0f29 : e1;
0f2a : 80;
0f2b : 63;
0f2c : ed;
0f2d : 5f;
0f2e : 98;
0f2f : 13;
0f30 : d6;
0f31 : 55;
0f32 : fb;
0f33 : d6;
0f34 : f7;
0f35 : 1c;
0f36 : ba;
0f37 : 5c;
0f38 : c8;
0f39 : a8;
0f3a : 30;
0f3b : bf;
0f3c : b3;
0f3d : 56;
0f3e : 2b;
0f3f : 2a;
0f40 : a3;
0f41 : fb;
0f42 : 57;
0f43 : 11;
0f44 : 21;
0f45 : 7e;
0f46 : 11;
0f47 : ee;
0f48 : 85;
0f49 : 3d;
0f4a : 2b;
0f4b : 3a;
0f4c : 43;
0f4d : e6;
0f4e : a6;
0f4f : 27;
0f50 : 4f;
0f51 : e8;
0f52 : 3a;
0f53 : 05;
0f54 : d1;
0f55 : c5;
0f56 : 5d;
0f57 : 51;
0f58 : 85;
0f59 : 27;
0f5a : f7;
0f5b : 85;
0f5c : b3;
0f5d : 10;
0f5e : 1f;
0f5f : 09;
0f60 : 28;
0f61 : df;
0f62 : 23;
0f63 : 1b;
0f64 : 0e;
0f65 : 86;
0f66 : dd;
0f67 : 1d;
0f68 : f6;
0f69 : b8;
0f6a : dc;
0f6b : 8f;
0f6c : 7c;
0f6d : e4;
0f6e : 24;
0f6f : 5b;
0f70 : 78;
0f71 : 64;
0f72 : 16;
0f73 : 91;
0f74 : 57;
0f75 : b4;
0f76 : ab;
0f77 : 7d;
0f78 : 05;
0f79 : 28;
0f7a : d6;
0f7b : 20;
0f7c : 5d;
0f7d : c3;
0f7e : 6a;
0f7f : a4;
0f80 : f9;
0f81 : 33;
0f82 : 38;
0f83 : 85;
0f84 : 08;
0f85 : f7;
0f86 : 8d;
0f87 : 72;
0f88 : 09;
0f89 : d5;
0f8a : cc;
0f8b : f6;
0f8c : 60;
0f8d : c7;
0f8e : 5a;
0f8f : fd;
0f90 : 3f;
0f91 : 63;
0f92 : fb;
0f93 : 78;
0f94 : 0e;
0f95 : cc;
0f96 : 4f;
0f97 : 99;
0f98 : ec;
0f99 : 72;
0f9a : 6c;
0f9b : bb;
0f9c : f6;
0f9d : 89;
0f9e : a8;
0f9f : 46;
0fa0 : 9c;
0fa1 : 08;
0fa2 : ed;
0fa3 : 12;
0fa4 : a9;
0fa5 : 79;
0fa6 : 1a;
0fa7 : b5;
0fa8 : 5a;
0fa9 : 77;
0faa : 45;
0fab : 52;
0fac : 90;
0fad : bf;
0fae : 25;
0faf : 3e;
0fb0 : b9;
0fb1 : 5f;
0fb2 : 03;
0fb3 : 4c;
0fb4 : d1;
0fb5 : 51;
0fb6 : b9;
0fb7 : df;
0fb8 : cc;
0fb9 : 7d;
0fba : 62;
0fbb : b2;
0fbc : fb;
0fbd : 68;
0fbe : c7;
0fbf : 09;
0fc0 : 48;
0fc1 : 3f;
0fc2 : 9c;
0fc3 : a6;
0fc4 : 49;
0fc5 : 5f;
0fc6 : 3b;
0fc7 : e3;
0fc8 : e2;
0fc9 : 50;
0fca : 34;
0fcb : d5;
0fcc : 2a;
0fcd : 25;
0fce : df;
0fcf : 47;
0fd0 : d0;
0fd1 : e6;
0fd2 : 38;
0fd3 : cc;
0fd4 : 17;
0fd5 : ca;
0fd6 : da;
0fd7 : 36;
0fd8 : 4d;
0fd9 : 67;
0fda : 1c;
0fdb : 6c;
0fdc : 33;
0fdd : 52;
0fde : 74;
0fdf : f2;
0fe0 : 2b;
0fe1 : 9d;
0fe2 : fb;
0fe3 : 66;
0fe4 : ee;
0fe5 : 0b;
0fe6 : 7e;
0fe7 : 7e;
0fe8 : 80;
0fe9 : a9;
0fea : b7;
0feb : 62;
0fec : 2e;
0fed : a6;
0fee : b6;
0fef : c0;
0ff0 : dc;
0ff1 : e6;
0ff2 : 9c;
0ff3 : b9;
0ff4 : f3;
0ff5 : 76;
0ff6 : 09;
0ff7 : 94;
0ff8 : 69;
0ff9 : 8a;
0ffa : ff;
0ffb : 32;
0ffc : b5;
0ffd : 25;
0ffe : cc;
0fff : ef;
1000 : dc;
1001 : 09;
1002 : 56;
1003 : de;
1004 : 63;
1005 : e6;
1006 : c5;
1007 : 09;
1008 : e8;
1009 : 92;
100a : 74;
100b : a8;
100c : 3c;
100d : 0e;
100e : 6d;
100f : dd;
1010 : 0e;
1011 : 80;
1012 : 6a;
1013 : 3a;
1014 : 70;
1015 : 73;
1016 : 21;
1017 : 64;
1018 : 7b;
1019 : de;
101a : 48;
101b : c4;
101c : 9c;
101d : 20;
101e : 77;
101f : 62;
1020 : f3;
1021 : 39;
1022 : 27;
1023 : 81;
1024 : 1d;
1025 : 34;
1026 : 1e;
1027 : c9;
1028 : a8;
1029 : d7;
102a : 4f;
102b : 7f;
102c : ad;
102d : 68;
102e : 67;
102f : 74;
1030 : 09;
1031 : 08;
1032 : 23;
1033 : 03;
1034 : 4e;
1035 : 37;
1036 : 23;
1037 : 34;
1038 : b2;
1039 : 57;
103a : 64;
103b : ad;
103c : 9f;
103d : 60;
103e : d7;
103f : 96;
1040 : fc;
1041 : 81;
1042 : 02;
1043 : b4;
1044 : d1;
1045 : d7;
1046 : 61;
1047 : bf;
1048 : 82;
1049 : 23;
104a : d6;
104b : 2b;
104c : 68;
104d : 81;
104e : 99;
104f : 89;
1050 : 62;
1051 : a3;
1052 : 34;
1053 : 35;
1054 : 12;
1055 : 36;
1056 : 04;
1057 : 6e;
1058 : e4;
1059 : 68;
105a : 34;
105b : 62;
105c : eb;
105d : a3;
105e : c8;
105f : 7e;
1060 : 09;
1061 : 81;
1062 : da;
1063 : b5;
1064 : 63;
1065 : 0f;
1066 : e0;
1067 : 24;
1068 : 44;
1069 : c6;
106a : 4c;
106b : 7d;
106c : ee;
106d : 55;
106e : 49;
106f : 1c;
1070 : 57;
1071 : 4d;
1072 : 9e;
1073 : 8b;
1074 : 73;
1075 : b6;
1076 : 72;
1077 : 5b;
1078 : 1b;
1079 : 5f;
107a : ca;
107b : 6a;
107c : ab;
107d : aa;
107e : 28;
107f : 2c;
1080 : e1;
1081 : b1;
1082 : 3b;
1083 : be;
1084 : 3f;
1085 : 77;
1086 : 95;
1087 : ca;
1088 : 33;
1089 : 1f;
108a : 38;
108b : f2;
108c : 4e;
108d : de;
108e : 56;
108f : 02;
1090 : bd;
1091 : 41;
1092 : 70;
1093 : 88;
1094 : 0b;
1095 : 07;
1096 : 18;
1097 : 93;
1098 : 71;
1099 : 26;
109a : 5d;
109b : 7a;
109c : 75;
109d : 0f;
109e : e0;
109f : df;
10a0 : a6;
10a1 : a7;
10a2 : 6e;
10a3 : 23;
10a4 : bb;
10a5 : 9a;
10a6 : 4b;
10a7 : 26;
10a8 : 81;
10a9 : 3f;
10aa : c6;
10ab : 33;
10ac : be;
10ad : d7;
10ae : 83;
10af : 45;
10b0 : 69;
10b1 : 9e;
10b2 : 13;
10b3 : 38;
10b4 : 90;
10b5 : d4;
10b6 : 17;
10b7 : d1;
10b8 : 49;
10b9 : 9e;
10ba : b0;
10bb : ff;
10bc : 3d;
10bd : 8d;
10be : 55;
10bf : bd;
10c0 : b9;
10c1 : 44;
10c2 : ba;
10c3 : 22;
10c4 : 94;
10c5 : 3e;
10c6 : 0a;
10c7 : 43;
10c8 : e1;
10c9 : 6b;
10ca : 46;
10cb : 63;
10cc : 35;
10cd : 25;
10ce : a1;
10cf : 6e;
10d0 : 89;
10d1 : ed;
10d2 : 0f;
10d3 : aa;
10d4 : 77;
10d5 : b8;
10d6 : 87;
10d7 : 32;
10d8 : c6;
10d9 : 5c;
10da : 5b;
10db : 09;
10dc : 6b;
10dd : 27;
10de : 91;
10df : 6e;
10e0 : 18;
10e1 : 56;
10e2 : 43;
10e3 : 30;
10e4 : db;
10e5 : 98;
10e6 : 7c;
10e7 : da;
10e8 : ed;
10e9 : e4;
10ea : 30;
10eb : 00;
10ec : ce;
10ed : 98;
10ee : 22;
10ef : 29;
10f0 : 9d;
10f1 : 8b;
10f2 : 88;
10f3 : 8e;
10f4 : ae;
10f5 : 20;
10f6 : fd;
10f7 : e6;
10f8 : 03;
10f9 : ee;
10fa : b3;
10fb : e6;
10fc : 33;
10fd : 5f;
10fe : 1d;
10ff : 84;
1100 : 7e;
1101 : 42;
1102 : 2c;
1103 : 82;
1104 : 20;
1105 : b2;
1106 : b5;
1107 : 52;
1108 : 89;
1109 : c1;
110a : 01;
110b : b8;
110c : d4;
110d : 70;
110e : c8;
110f : ca;
1110 : 92;
1111 : 61;
1112 : 35;
1113 : c4;
1114 : 8a;
1115 : b1;
1116 : 70;
1117 : 2d;
1118 : bd;
1119 : 9a;
111a : 98;
111b : 12;
111c : 32;
111d : c0;
111e : 53;
111f : 56;
1120 : f0;
1121 : 2a;
1122 : 41;
1123 : 4a;
1124 : 26;
1125 : 2f;
1126 : f9;
1127 : 1b;
1128 : 35;
1129 : a9;
112a : 11;
112b : d3;
112c : a5;
112d : 08;
112e : 88;
112f : 72;
1130 : 15;
1131 : 28;
1132 : e6;
1133 : 57;
1134 : e3;
1135 : e3;
1136 : ff;
1137 : 0b;
1138 : 02;
1139 : 64;
113a : 3c;
113b : 2b;
113c : 52;
113d : fc;
113e : 4f;
113f : 6d;
1140 : 67;
1141 : ee;
1142 : ae;
1143 : 20;
1144 : a1;
1145 : 4f;
1146 : c2;
1147 : 2b;
1148 : 54;
1149 : 20;
114a : e4;
114b : 1a;
114c : da;
114d : b9;
114e : 14;
114f : 59;
1150 : e1;
1151 : b2;
1152 : f9;
1153 : d0;
1154 : 45;
1155 : d0;
1156 : 9f;
1157 : 6b;
1158 : 1c;
1159 : a9;
115a : 2a;
115b : 65;
115c : 4d;
115d : e4;
115e : 5a;
115f : 50;
1160 : 65;
1161 : 79;
1162 : 66;
1163 : 46;
1164 : 45;
1165 : 71;
1166 : 0f;
1167 : 3e;
1168 : b5;
1169 : ce;
116a : 82;
116b : 9b;
116c : f8;
116d : 8b;
116e : 30;
116f : 21;
1170 : c0;
1171 : 3b;
1172 : 4d;
1173 : 13;
1174 : fa;
1175 : be;
1176 : 25;
1177 : 52;
1178 : bd;
1179 : 07;
117a : c5;
117b : 66;
117c : a0;
117d : 73;
117e : fc;
117f : 95;
1180 : 72;
1181 : 87;
1182 : 3e;
1183 : 69;
1184 : cb;
1185 : 57;
1186 : 2f;
1187 : 1f;
1188 : ac;
1189 : a6;
118a : 48;
118b : e2;
118c : b7;
118d : 69;
118e : 41;
118f : 29;
1190 : ff;
1191 : e1;
1192 : 59;
1193 : 5d;
1194 : 6f;
1195 : ae;
1196 : 0f;
1197 : 53;
1198 : e4;
1199 : f0;
119a : 25;
119b : e6;
119c : 69;
119d : a0;
119e : 1a;
119f : 32;
11a0 : 43;
11a1 : 89;
11a2 : fd;
11a3 : 65;
11a4 : ae;
11a5 : 88;
11a6 : a8;
11a7 : 55;
11a8 : cc;
11a9 : 76;
11aa : d1;
11ab : 84;
11ac : 07;
11ad : 52;
11ae : d4;
11af : db;
11b0 : 2c;
11b1 : 84;
11b2 : 7f;
11b3 : 10;
11b4 : 06;
11b5 : c9;
11b6 : 44;
11b7 : 0c;
11b8 : 0a;
11b9 : 07;
11ba : 80;
11bb : ea;
11bc : 40;
11bd : 7a;
11be : d5;
11bf : 37;
11c0 : fa;
11c1 : 4d;
11c2 : 32;
11c3 : e4;
11c4 : 1c;
11c5 : d5;
11c6 : 74;
11c7 : 90;
11c8 : 0e;
11c9 : 86;
11ca : 69;
11cb : 3f;
11cc : 8c;
11cd : 4c;
11ce : c6;
11cf : 49;
11d0 : e7;
11d1 : 00;
11d2 : 70;
11d3 : 4d;
11d4 : 34;
11d5 : 8f;
11d6 : 48;
11d7 : b0;
11d8 : 95;
11d9 : 42;
11da : e7;
11db : 1d;
11dc : 80;
11dd : 12;
11de : dc;
11df : aa;
11e0 : 2a;
11e1 : 04;
11e2 : 1e;
11e3 : 67;
11e4 : 7e;
11e5 : ec;
11e6 : 56;
11e7 : a8;
11e8 : d2;
11e9 : aa;
11ea : be;
11eb : b4;
11ec : b7;
11ed : 4f;
11ee : 35;
11ef : 9c;
11f0 : e6;
11f1 : b1;
11f2 : 28;
11f3 : 7b;
11f4 : 4b;
11f5 : 35;
11f6 : d9;
11f7 : 50;
11f8 : 99;
11f9 : a4;
11fa : 3d;
11fb : a7;
11fc : de;
11fd : bc;
11fe : 16;
11ff : 57;
1200 : 55;
1201 : 4e;
1202 : 66;
1203 : 6c;
1204 : 91;
1205 : ba;
1206 : 48;
1207 : 55;
1208 : 3e;
1209 : d0;
120a : d5;
120b : 30;
120c : 89;
120d : a0;
120e : 82;
120f : 57;
1210 : d9;
1211 : d1;
1212 : f7;
1213 : d0;
1214 : 09;
1215 : 99;
1216 : 33;
1217 : 25;
1218 : b2;
1219 : 9f;
121a : 53;
121b : b5;
121c : d2;
121d : e2;
121e : 4f;
121f : 17;
1220 : 87;
1221 : 4e;
1222 : a0;
1223 : 13;
1224 : 25;
1225 : 89;
1226 : c8;
1227 : 4d;
1228 : bf;
1229 : f7;
122a : 02;
122b : 84;
122c : 0a;
122d : e6;
122e : 82;
122f : 04;
1230 : ed;
1231 : 79;
1232 : 31;
1233 : 18;
1234 : bc;
1235 : ff;
1236 : b1;
1237 : 13;
1238 : 4d;
1239 : e5;
123a : 2b;
123b : 17;
123c : da;
123d : 3e;
123e : 06;
123f : 25;
1240 : 84;
1241 : c2;
1242 : c4;
1243 : 88;
1244 : 9b;
1245 : 18;
1246 : a6;
1247 : d8;
1248 : f0;
1249 : 5b;
124a : 33;
124b : 83;
124c : cb;
124d : 4b;
124e : b2;
124f : 43;
1250 : a4;
1251 : 0a;
1252 : e3;
1253 : 6a;
1254 : 0c;
1255 : 2b;
1256 : e1;
1257 : e5;
1258 : 83;
1259 : d0;
125a : d9;
125b : 2f;
125c : 3e;
125d : 40;
125e : 71;
125f : 8a;
1260 : 31;
1261 : f7;
1262 : dd;
1263 : 00;
1264 : d3;
1265 : 30;
1266 : cf;
1267 : 62;
1268 : dd;
1269 : 89;
126a : ce;
126b : 7b;
126c : 8e;
126d : 06;
126e : af;
126f : 3a;
1270 : 6d;
1271 : aa;
1272 : 6f;
1273 : 0a;
1274 : f7;
1275 : 1f;
1276 : 62;
1277 : d5;
1278 : 2f;
1279 : 02;
127a : 42;
127b : 87;
127c : 44;
127d : f3;
127e : df;
127f : 43;
1280 : 81;
1281 : 55;
1282 : 67;
1283 : b8;
1284 : 7e;
1285 : 7c;
1286 : 78;
1287 : 8b;
1288 : e7;
1289 : cf;
128a : fd;
128b : c4;
128c : 35;
128d : 88;
128e : 1b;
128f : 77;
1290 : 2d;
1291 : d4;
1292 : 53;
1293 : 60;
1294 : 62;
1295 : c4;
1296 : 2e;
1297 : a9;
1298 : 72;
1299 : f4;
129a : 3c;
129b : 96;
129c : 32;
129d : d3;
129e : fd;
129f : 86;
12a0 : 9d;
12a1 : cb;
12a2 : 57;
12a3 : 35;
12a4 : 63;
12a5 : 69;
12a6 : e0;
12a7 : 57;
12a8 : ec;
12a9 : 0d;
12aa : cd;
12ab : 6f;
12ac : c5;
12ad : f3;
12ae : 56;
12af : 92;
12b0 : d2;
12b1 : cd;
12b2 : 49;
12b3 : 6b;
12b4 : 99;
12b5 : 08;
12b6 : d1;
12b7 : 86;
12b8 : a0;
12b9 : 21;
12ba : b1;
12bb : 40;
12bc : 3f;
12bd : 6d;
12be : 71;
12bf : 4d;
12c0 : cb;
12c1 : d5;
12c2 : fd;
12c3 : 53;
12c4 : 0b;
12c5 : f9;
12c6 : c8;
12c7 : f9;
12c8 : 67;
12c9 : ec;
12ca : e7;
12cb : 08;
12cc : c3;
12cd : 15;
12ce : e1;
12cf : bd;
12d0 : 7c;
12d1 : 88;
12d2 : 7c;
12d3 : 86;
12d4 : 45;
12d5 : 43;
12d6 : c4;
12d7 : fa;
12d8 : f9;
12d9 : 57;
12da : f9;
12db : 52;
12dc : d8;
12dd : fd;
12de : b2;
12df : f2;
12e0 : 5f;
12e1 : 2d;
12e2 : 22;
12e3 : 0b;
12e4 : 6e;
12e5 : 77;
12e6 : 8e;
12e7 : 83;
12e8 : b3;
12e9 : 52;
12ea : dc;
12eb : 23;
12ec : e4;
12ed : 0e;
12ee : 9b;
12ef : f3;
12f0 : 3d;
12f1 : 71;
12f2 : 35;
12f3 : e3;
12f4 : ad;
12f5 : 4d;
12f6 : e9;
12f7 : e9;
12f8 : 1c;
12f9 : be;
12fa : b1;
12fb : 78;
12fc : 79;
12fd : ee;
12fe : cc;
12ff : 88;
1300 : c3;
1301 : b9;
1302 : a5;
1303 : 2d;
1304 : d6;
1305 : 72;
1306 : b0;
1307 : e4;
1308 : 9d;
1309 : 85;
130a : 10;
130b : ce;
130c : 79;
130d : e6;
130e : 84;
130f : c2;
1310 : 24;
1311 : b7;
1312 : ea;
1313 : cb;
1314 : 6e;
1315 : d6;
1316 : c6;
1317 : 34;
1318 : f6;
1319 : 65;
131a : 0f;
131b : c6;
131c : 53;
131d : e6;
131e : b0;
131f : 01;
1320 : e4;
1321 : 36;
1322 : 66;
1323 : 09;
1324 : 0f;
1325 : a1;
1326 : da;
1327 : 2d;
1328 : bb;
1329 : 41;
132a : 71;
132b : d0;
132c : f6;
132d : 12;
132e : b8;
132f : 4c;
1330 : c0;
1331 : 05;
1332 : d2;
1333 : 2f;
1334 : 18;
1335 : 55;
1336 : 5a;
1337 : d5;
1338 : b8;
1339 : 86;
133a : a4;
133b : 72;
133c : d0;
133d : ba;
133e : 58;
133f : 0a;
1340 : 4e;
1341 : a8;
1342 : 1f;
1343 : 13;
1344 : cc;
1345 : 29;
1346 : 55;
1347 : 1c;
1348 : c9;
1349 : 54;
134a : 0e;
134b : 9e;
134c : 08;
134d : 72;
134e : 74;
134f : e1;
1350 : 16;
1351 : 78;
1352 : 4e;
1353 : 2d;
1354 : 56;
1355 : f7;
1356 : 4f;
1357 : ba;
1358 : 8d;
1359 : f1;
135a : ac;
135b : ca;
135c : 7d;
135d : e1;
135e : da;
135f : d8;
1360 : cb;
1361 : 5d;
1362 : cf;
1363 : f6;
1364 : 3e;
1365 : 0b;
1366 : 2d;
1367 : 3f;
1368 : 59;
1369 : ff;
136a : 72;
136b : 05;
136c : b9;
136d : 7a;
136e : 0c;
136f : af;
1370 : 3b;
1371 : 91;
1372 : 00;
1373 : 74;
1374 : 1a;
1375 : 95;
1376 : ae;
1377 : 08;
1378 : f7;
1379 : c7;
137a : 8e;
137b : 2c;
137c : 3f;
137d : 49;
137e : f2;
137f : 3a;
1380 : 4c;
1381 : 51;
1382 : 1a;
1383 : dd;
1384 : 04;
1385 : 06;
1386 : d6;
1387 : 9b;
1388 : ed;
1389 : d0;
138a : 32;
138b : 39;
138c : de;
138d : 67;
138e : 0e;
138f : ff;
1390 : 29;
1391 : cc;
1392 : 42;
1393 : fd;
1394 : d2;
1395 : 16;
1396 : c8;
1397 : 21;
1398 : 9c;
1399 : 25;
139a : 70;
139b : f5;
139c : c2;
139d : ce;
139e : e8;
139f : af;
13a0 : e7;
13a1 : 26;
13a2 : 38;
13a3 : 05;
13a4 : c5;
13a5 : 17;
13a6 : 7e;
13a7 : 86;
13a8 : 56;
13a9 : e1;
13aa : d4;
13ab : d9;
13ac : 5d;
13ad : ce;
13ae : f3;
13af : 36;
13b0 : 62;
13b1 : 05;
13b2 : 2c;
13b3 : 70;
13b4 : 20;
13b5 : 14;
13b6 : 08;
13b7 : 0a;
13b8 : 9c;
13b9 : f1;
13ba : 48;
13bb : ba;
13bc : 71;
13bd : 11;
13be : 3c;
13bf : d7;
13c0 : 26;
13c1 : 5b;
13c2 : 6d;
13c3 : fb;
13c4 : 65;
13c5 : 6c;
13c6 : 4c;
13c7 : ea;
13c8 : 3b;
13c9 : 55;
13ca : a6;
13cb : ef;
13cc : 5c;
13cd : 0a;
13ce : cc;
13cf : 90;
13d0 : 1c;
13d1 : 93;
13d2 : 2d;
13d3 : ec;
13d4 : 4b;
13d5 : 79;
13d6 : 66;
13d7 : 1e;
13d8 : 87;
13d9 : 4f;
13da : f4;
13db : 3f;
13dc : 9a;
13dd : 67;
13de : a1;
13df : 4a;
13e0 : 08;
13e1 : 45;
13e2 : 89;
13e3 : ef;
13e4 : 22;
13e5 : cf;
13e6 : c1;
13e7 : a1;
13e8 : 1d;
13e9 : 64;
13ea : 14;
13eb : 51;
13ec : b6;
13ed : ec;
13ee : d4;
13ef : a5;
13f0 : 66;
13f1 : eb;
13f2 : d8;
13f3 : d2;
13f4 : ef;
13f5 : bb;
13f6 : 54;
13f7 : 04;
13f8 : 82;
13f9 : 17;
13fa : a6;
13fb : f9;
13fc : e2;
13fd : 3e;
13fe : 97;
13ff : 05;
1400 : 9a;
1401 : ba;
1402 : c6;
1403 : de;
1404 : 83;
1405 : 2d;
1406 : e6;
1407 : 80;
1408 : dd;
1409 : 19;
140a : ef;
140b : db;
140c : 54;
140d : 61;
140e : 2e;
140f : b3;
1410 : ff;
1411 : d6;
1412 : 02;
1413 : d8;
1414 : 8a;
1415 : c3;
1416 : 4c;
1417 : 76;
1418 : da;
1419 : 55;
141a : b2;
141b : 5f;
141c : 76;
141d : b6;
141e : 2c;
141f : ea;
1420 : 8a;
1421 : 96;
1422 : 0d;
1423 : d6;
1424 : 8a;
1425 : d1;
1426 : de;
1427 : 6d;
1428 : 01;
1429 : fd;
142a : b6;
142b : 71;
142c : 92;
142d : 85;
142e : 52;
142f : 0e;
1430 : 31;
1431 : 48;
1432 : 77;
1433 : 33;
1434 : 18;
1435 : ee;
1436 : c0;
1437 : eb;
1438 : 93;
1439 : 64;
143a : 27;
143b : 48;
143c : 0f;
143d : 18;
143e : 69;
143f : d5;
1440 : 1a;
1441 : 8b;
1442 : 51;
1443 : a8;
1444 : 4b;
1445 : d6;
1446 : af;
1447 : 74;
1448 : ca;
1449 : 38;
144a : fe;
144b : ed;
144c : 19;
144d : 89;
144e : 12;
144f : c1;
1450 : 9a;
1451 : 4a;
1452 : 4b;
1453 : 32;
1454 : 9a;
1455 : 06;
1456 : 02;
1457 : dc;
1458 : 86;
1459 : d3;
145a : 9f;
145b : 2e;
145c : 44;
145d : 39;
145e : e9;
145f : 39;
1460 : 7a;
1461 : 34;
1462 : c0;
1463 : 98;
1464 : 93;
1465 : ed;
1466 : 49;
1467 : 91;
1468 : f8;
1469 : 71;
146a : df;
146b : f7;
146c : ea;
146d : 23;
146e : 5e;
146f : b9;
1470 : b4;
1471 : d0;
1472 : 3a;
1473 : 1c;
1474 : 7b;
1475 : 23;
1476 : a9;
1477 : 5a;
1478 : 06;
1479 : 55;
147a : 69;
147b : 10;
147c : 67;
147d : 6a;
147e : 69;
147f : c7;
1480 : 95;
1481 : c7;
1482 : 83;
1483 : c5;
1484 : 8f;
1485 : 46;
1486 : 21;
1487 : 06;
1488 : 03;
1489 : 2b;
148a : fb;
148b : eb;
148c : 57;
148d : f7;
148e : bb;
148f : 35;
1490 : f5;
1491 : e9;
1492 : 2c;
1493 : d4;
1494 : 1f;
1495 : ef;
1496 : 86;
1497 : 30;
1498 : de;
1499 : e7;
149a : b3;
149b : 64;
149c : f2;
149d : ea;
149e : 72;
149f : a7;
14a0 : 4c;
14a1 : 21;
14a2 : 25;
14a3 : 0c;
14a4 : 1e;
14a5 : c6;
14a6 : b2;
14a7 : d0;
14a8 : 7b;
14a9 : e7;
14aa : 3b;
14ab : 37;
14ac : cf;
14ad : 76;
14ae : 6b;
14af : ed;
14b0 : ab;
14b1 : 2c;
14b2 : 06;
14b3 : 43;
14b4 : ea;
14b5 : 9e;
14b6 : 25;
14b7 : 30;
14b8 : 7f;
14b9 : 3f;
14ba : 9c;
14bb : 1a;
14bc : 04;
14bd : 82;
14be : 96;
14bf : fd;
14c0 : 8e;
14c1 : 22;
14c2 : bb;
14c3 : fe;
14c4 : 53;
14c5 : 24;
14c6 : f1;
14c7 : b8;
14c8 : fe;
14c9 : e9;
14ca : 40;
14cb : 07;
14cc : 1a;
14cd : 92;
14ce : ae;
14cf : 0c;
14d0 : cd;
14d1 : 7e;
14d2 : 3a;
14d3 : 8f;
14d4 : 72;
14d5 : bd;
14d6 : 52;
14d7 : cf;
14d8 : 96;
14d9 : 2e;
14da : 56;
14db : db;
14dc : 93;
14dd : 0a;
14de : d4;
14df : ab;
14e0 : 3a;
14e1 : 83;
14e2 : 76;
14e3 : 62;
14e4 : 3e;
14e5 : 34;
14e6 : 46;
14e7 : 98;
14e8 : b2;
14e9 : e7;
14ea : f2;
14eb : 1f;
14ec : 32;
14ed : 39;
14ee : d5;
14ef : 30;
14f0 : ae;
14f1 : e9;
14f2 : 81;
14f3 : e8;
14f4 : 79;
14f5 : 5b;
14f6 : f2;
14f7 : 6a;
14f8 : 75;
14f9 : aa;
14fa : d2;
14fb : 5f;
14fc : b4;
14fd : 07;
14fe : 60;
14ff : c3;
1500 : 18;
1501 : dd;
1502 : 3b;
1503 : 4d;
1504 : 4b;
1505 : 75;
1506 : f4;
1507 : 07;
1508 : f2;
1509 : f2;
150a : 40;
150b : cd;
150c : dd;
150d : 98;
150e : 23;
150f : a3;
1510 : e5;
1511 : 56;
1512 : 91;
1513 : 5c;
1514 : ea;
1515 : 48;
1516 : 1d;
1517 : af;
1518 : eb;
1519 : 03;
151a : 01;
151b : 57;
151c : a9;
151d : 8b;
151e : 0c;
151f : bd;
1520 : f7;
1521 : 63;
1522 : d7;
1523 : c3;
1524 : 7d;
1525 : 31;
1526 : f4;
1527 : 01;
1528 : f3;
1529 : 09;
152a : 87;
152b : b1;
152c : 1c;
152d : 0a;
152e : f1;
152f : 71;
1530 : 60;
1531 : b2;
1532 : 89;
1533 : 19;
1534 : 80;
1535 : 23;
1536 : 8a;
1537 : 97;
1538 : 96;
1539 : ed;
153a : 8e;
153b : 7f;
153c : 31;
153d : 94;
153e : 8c;
153f : 43;
1540 : f0;
1541 : d6;
1542 : 27;
1543 : 90;
1544 : cc;
1545 : cd;
1546 : 4e;
1547 : fe;
1548 : 87;
1549 : 11;
154a : db;
154b : 62;
154c : ef;
154d : fa;
154e : 60;
154f : 8b;
1550 : 61;
1551 : 65;
1552 : 75;
1553 : f5;
1554 : e7;
1555 : 0c;
1556 : f2;
1557 : 61;
1558 : 2d;
1559 : ba;
155a : da;
155b : 8d;
155c : e1;
155d : 50;
155e : 9f;
155f : 9f;
1560 : 51;
1561 : 6b;
1562 : 51;
1563 : 56;
1564 : e2;
1565 : 07;
1566 : fc;
1567 : 46;
1568 : 2d;
1569 : b7;
156a : ad;
156b : 9a;
156c : c6;
156d : 3c;
156e : e8;
156f : a2;
1570 : ca;
1571 : 79;
1572 : 0a;
1573 : e3;
1574 : b5;
1575 : 98;
1576 : c0;
1577 : ce;
1578 : 11;
1579 : 86;
157a : 3f;
157b : 99;
157c : a4;
157d : 53;
157e : 1b;
157f : 4b;
1580 : 5b;
1581 : 88;
1582 : b7;
1583 : df;
1584 : 7c;
1585 : a5;
1586 : dd;
1587 : 1c;
1588 : 20;
1589 : 29;
158a : e3;
158b : 33;
158c : cd;
158d : 8e;
158e : 1f;
158f : 31;
1590 : ad;
1591 : 43;
1592 : 3f;
1593 : d7;
1594 : ae;
1595 : a7;
1596 : 95;
1597 : 04;
1598 : 94;
1599 : 9d;
159a : af;
159b : 00;
159c : ec;
159d : 02;
159e : 4b;
159f : e6;
15a0 : 31;
15a1 : c2;
15a2 : a2;
15a3 : c5;
15a4 : d0;
15a5 : 86;
15a6 : 4e;
15a7 : d6;
15a8 : b0;
15a9 : f6;
15aa : 22;
15ab : 8c;
15ac : 99;
15ad : 2f;
15ae : f8;
15af : 89;
15b0 : 51;
15b1 : 09;
15b2 : e0;
15b3 : c9;
15b4 : 5c;
15b5 : b3;
15b6 : 19;
15b7 : 50;
15b8 : 86;
15b9 : c5;
15ba : 1d;
15bb : 5a;
15bc : b0;
15bd : ca;
15be : bb;
15bf : 04;
15c0 : 62;
15c1 : 45;
15c2 : 90;
15c3 : f4;
15c4 : 1f;
15c5 : 18;
15c6 : 62;
15c7 : 17;
15c8 : 2c;
15c9 : a1;
15ca : 0d;
15cb : f8;
15cc : 24;
15cd : de;
15ce : cf;
15cf : 69;
15d0 : 92;
15d1 : cc;
15d2 : e1;
15d3 : d8;
15d4 : a3;
15d5 : 49;
15d6 : f1;
15d7 : 87;
15d8 : 52;
15d9 : 6a;
15da : 25;
15db : 18;
15dc : 0c;
15dd : 63;
15de : 54;
15df : 30;
15e0 : 44;
15e1 : b2;
15e2 : 01;
15e3 : 07;
15e4 : bc;
15e5 : 61;
15e6 : d6;
15e7 : c1;
15e8 : 1a;
15e9 : 35;
15ea : 95;
15eb : 7e;
15ec : 92;
15ed : 39;
15ee : 87;
15ef : f2;
15f0 : af;
15f1 : 7a;
15f2 : 69;
15f3 : 9e;
15f4 : 79;
15f5 : 70;
15f6 : ee;
15f7 : 54;
15f8 : 4d;
15f9 : d4;
15fa : 71;
15fb : 38;
15fc : 34;
15fd : 43;
15fe : 28;
15ff : b8;
1600 : ad;
1601 : c3;
1602 : 6e;
1603 : 63;
1604 : 00;
1605 : 0c;
1606 : f5;
1607 : 6d;
1608 : 32;
1609 : ae;
160a : 3d;
160b : 08;
160c : 20;
160d : 47;
160e : 7b;
160f : 51;
1610 : 90;
1611 : 60;
1612 : ee;
1613 : b2;
1614 : 02;
1615 : d2;
1616 : 9a;
1617 : de;
1618 : 35;
1619 : 87;
161a : 94;
161b : 79;
161c : 16;
161d : 1c;
161e : 3a;
161f : b8;
1620 : 57;
1621 : 67;
1622 : 59;
1623 : c2;
1624 : a4;
1625 : ae;
1626 : 80;
1627 : 12;
1628 : 33;
1629 : d7;
162a : 9f;
162b : cb;
162c : 71;
162d : 8b;
162e : 69;
162f : 4a;
1630 : 87;
1631 : d6;
1632 : 12;
1633 : 39;
1634 : 82;
1635 : 80;
1636 : 21;
1637 : eb;
1638 : d9;
1639 : e0;
163a : b2;
163b : f8;
163c : 11;
163d : 21;
163e : 00;
163f : 98;
1640 : f7;
1641 : ba;
1642 : 19;
1643 : ad;
1644 : 81;
1645 : fa;
1646 : 44;
1647 : 10;
1648 : 86;
1649 : fd;
164a : b0;
164b : b7;
164c : 49;
164d : f8;
164e : b1;
164f : d2;
1650 : 90;
1651 : 3b;
1652 : fe;
1653 : 2a;
1654 : c3;
1655 : e1;
1656 : c4;
1657 : d0;
1658 : 30;
1659 : 72;
165a : 14;
165b : 1b;
165c : 65;
165d : 70;
165e : 0e;
165f : 13;
1660 : ca;
1661 : 37;
1662 : bf;
1663 : a9;
1664 : 15;
1665 : a8;
1666 : b3;
1667 : 80;
1668 : 0b;
1669 : be;
166a : 53;
166b : 1d;
166c : d3;
166d : 98;
166e : 30;
166f : 58;
1670 : a1;
1671 : 4d;
1672 : 58;
1673 : 50;
1674 : c6;
1675 : b2;
1676 : f7;
1677 : 86;
1678 : f1;
1679 : 41;
167a : 06;
167b : 94;
167c : 3b;
167d : d7;
167e : 86;
167f : 93;
1680 : 1e;
1681 : 42;
1682 : 7d;
1683 : c5;
1684 : f8;
1685 : 7d;
1686 : 9f;
1687 : 67;
1688 : dc;
1689 : e6;
168a : 1b;
168b : 62;
168c : 6e;
168d : a6;
168e : d7;
168f : 08;
1690 : e0;
1691 : 53;
1692 : 89;
1693 : e2;
1694 : 83;
1695 : 27;
1696 : c6;
1697 : 9e;
1698 : cc;
1699 : 65;
169a : e9;
169b : 2e;
169c : ac;
169d : 14;
169e : 40;
169f : b9;
16a0 : a3;
16a1 : d6;
16a2 : b2;
16a3 : 49;
16a4 : 96;
16a5 : 94;
16a6 : 4d;
16a7 : 80;
16a8 : fb;
16a9 : e1;
16aa : d8;
16ab : cc;
16ac : 3c;
16ad : 01;
16ae : d0;
16af : 9b;
16b0 : 4d;
16b1 : a2;
16b2 : 90;
16b3 : f9;
16b4 : 2a;
16b5 : 33;
16b6 : 5d;
16b7 : ee;
16b8 : 2a;
16b9 : 59;
16ba : 71;
16bb : 58;
16bc : 62;
16bd : f7;
16be : 98;
16bf : 0b;
16c0 : f9;
16c1 : 46;
16c2 : 82;
16c3 : 10;
16c4 : b0;
16c5 : 00;
16c6 : 25;
16c7 : 35;
16c8 : 9f;
16c9 : fa;
16ca : d7;
16cb : 9b;
16cc : 06;
16cd : c0;
16ce : 7b;
16cf : af;
16d0 : ca;
16d1 : 56;
16d2 : 99;
16d3 : 92;
16d4 : b6;
16d5 : 2b;
16d6 : b7;
16d7 : 5f;
16d8 : 34;
16d9 : 34;
16da : ce;
16db : a3;
16dc : 61;
16dd : 84;
16de : ef;
16df : 7e;
16e0 : e3;
16e1 : 9b;
16e2 : 74;
16e3 : 5b;
16e4 : 80;
16e5 : e1;
16e6 : 5a;
16e7 : 16;
16e8 : cd;
16e9 : dc;
16ea : ae;
16eb : 94;
16ec : 1d;
16ed : a4;
16ee : 95;
16ef : 58;
16f0 : 3b;
16f1 : f5;
16f2 : ce;
16f3 : f4;
16f4 : bf;
16f5 : 12;
16f6 : ef;
16f7 : cb;
16f8 : a3;
16f9 : d1;
16fa : e6;
16fb : 25;
16fc : b4;
16fd : 7f;
16fe : 6a;
16ff : 35;
1700 : e6;
1701 : eb;
1702 : 5a;
1703 : 8e;
1704 : 37;
1705 : c8;
1706 : 1e;
1707 : 52;
1708 : af;
1709 : 2a;
170a : 86;
170b : 35;
170c : 97;
170d : e9;
170e : 1d;
170f : 12;
1710 : 86;
1711 : f5;
1712 : 2b;
1713 : e0;
1714 : cf;
1715 : 06;
1716 : 7d;
1717 : 8f;
1718 : d5;
1719 : 05;
171a : 8a;
171b : d7;
171c : 55;
171d : 3e;
171e : a2;
171f : 2b;
1720 : d0;
1721 : bb;
1722 : bc;
1723 : 1f;
1724 : de;
1725 : cf;
1726 : 31;
1727 : 9e;
1728 : 3b;
1729 : c7;
172a : d2;
172b : 4c;
172c : e2;
172d : 86;
172e : 5b;
172f : 0b;
1730 : 77;
1731 : 96;
1732 : 35;
1733 : 08;
1734 : 76;
1735 : 3f;
1736 : b4;
1737 : 05;
1738 : 94;
1739 : 99;
173a : e3;
173b : ae;
173c : c1;
173d : cf;
173e : 79;
173f : e2;
1740 : b8;
1741 : 80;
1742 : 9a;
1743 : 72;
1744 : bf;
1745 : c7;
1746 : e1;
1747 : 10;
1748 : 6d;
1749 : 73;
174a : af;
174b : 6b;
174c : 29;
174d : 29;
174e : 60;
174f : 37;
1750 : fd;
1751 : 17;
1752 : 1a;
1753 : 8f;
1754 : a8;
1755 : f6;
1756 : f2;
1757 : cc;
1758 : 62;
1759 : 49;
175a : 1b;
175b : f6;
175c : bb;
175d : b0;
175e : 9e;
175f : 66;
1760 : 18;
1761 : 67;
1762 : 61;
1763 : c6;
1764 : 75;
1765 : 73;
1766 : 9d;
1767 : e7;
1768 : 6f;
1769 : 25;
176a : c8;
176b : 01;
176c : b9;
176d : 9a;
176e : aa;
176f : 47;
1770 : 59;
1771 : a1;
1772 : cc;
1773 : e1;
1774 : 89;
1775 : 50;
1776 : a6;
1777 : 7a;
1778 : 74;
1779 : 2c;
177a : 77;
177b : 07;
177c : 8c;
177d : 33;
177e : 2b;
177f : ab;
1780 : 3d;
1781 : d8;
1782 : e8;
1783 : ac;
1784 : 12;
1785 : 3a;
1786 : 5d;
1787 : 13;
1788 : 53;
1789 : 0f;
178a : 51;
178b : ac;
178c : 8a;
178d : e6;
178e : e3;
178f : 84;
1790 : 3f;
1791 : 0c;
1792 : 45;
1793 : bb;
1794 : c4;
1795 : 2c;
1796 : 1a;
1797 : 9e;
1798 : 09;
1799 : 85;
179a : 09;
179b : 54;
179c : 67;
179d : 3f;
179e : 87;
179f : df;
17a0 : ec;
17a1 : fa;
17a2 : 52;
17a3 : 44;
17a4 : 80;
17a5 : 5a;
17a6 : 98;
17a7 : 6d;
17a8 : 07;
17a9 : 5d;
17aa : 34;
17ab : 05;
17ac : 1d;
17ad : 49;
17ae : 49;
17af : 43;
17b0 : 38;
17b1 : 85;
17b2 : e3;
17b3 : 3f;
17b4 : 83;
17b5 : bd;
17b6 : e6;
17b7 : 4d;
17b8 : 2d;
17b9 : f1;
17ba : 6d;
17bb : 8e;
17bc : da;
17bd : 8c;
17be : c1;
17bf : a7;
17c0 : 94;
17c1 : 2d;
17c2 : e8;
17c3 : a7;
17c4 : 54;
17c5 : 5b;
17c6 : f7;
17c7 : 69;
17c8 : 33;
17c9 : 0d;
17ca : 37;
17cb : e0;
17cc : e3;
17cd : 10;
17ce : 53;
17cf : 72;
17d0 : fa;
17d1 : 11;
17d2 : 6c;
17d3 : f9;
17d4 : 6c;
17d5 : 9f;
17d6 : 66;
17d7 : c6;
17d8 : 64;
17d9 : 7a;
17da : f9;
17db : c1;
17dc : 6a;
17dd : 20;
17de : 6f;
17df : c9;
17e0 : ee;
17e1 : 0a;
17e2 : 35;
17e3 : 91;
17e4 : f4;
17e5 : 98;
17e6 : 28;
17e7 : f8;
17e8 : c0;
17e9 : 56;
17ea : 6d;
17eb : 95;
17ec : 1b;
17ed : 27;
17ee : c1;
17ef : 85;
17f0 : 40;
17f1 : ca;
17f2 : 1b;
17f3 : e4;
17f4 : a0;
17f5 : 14;
17f6 : a9;
17f7 : 87;
17f8 : 3a;
17f9 : a8;
17fa : 89;
17fb : 75;
17fc : f7;
17fd : 22;
17fe : 55;
17ff : 23;
1800 : db;
1801 : fd;
1802 : 91;
1803 : 63;
1804 : 7c;
1805 : 98;
1806 : a7;
1807 : 8e;
1808 : 81;
1809 : 99;
180a : 74;
180b : 1a;
180c : b0;
180d : 8b;
180e : 6d;
180f : 82;
1810 : 93;
1811 : 29;
1812 : 46;
1813 : 4e;
1814 : 38;
1815 : fa;
1816 : c4;
1817 : 42;
1818 : 13;
1819 : b9;
181a : e8;
181b : 64;
181c : e8;
181d : 98;
181e : 0e;
181f : 0e;
1820 : b3;
1821 : bd;
1822 : e5;
1823 : 8e;
1824 : 4c;
1825 : 16;
1826 : b3;
1827 : 34;
1828 : a2;
1829 : 00;
182a : 84;
182b : c0;
182c : 53;
182d : 36;
182e : d6;
182f : 58;
1830 : 7a;
1831 : 1d;
1832 : 64;
1833 : 2c;
1834 : ae;
1835 : fa;
1836 : 6c;
1837 : 75;
1838 : f0;
1839 : 3a;
183a : a5;
183b : 43;
183c : 02;
183d : a7;
183e : e9;
183f : f0;
1840 : 98;
1841 : 88;
1842 : 2c;
1843 : 55;
1844 : 20;
1845 : 1a;
1846 : 7d;
1847 : 17;
1848 : 48;
1849 : f7;
184a : 40;
184b : a7;
184c : a3;
184d : db;
184e : 6f;
184f : 47;
1850 : 1d;
1851 : dd;
1852 : 24;
1853 : 44;
1854 : d3;
1855 : 8f;
1856 : d0;
1857 : 2f;
1858 : 73;
1859 : 4a;
185a : d9;
185b : 1b;
185c : af;
185d : ef;
185e : 66;
185f : 25;
1860 : 1e;
1861 : e6;
1862 : 03;
1863 : 96;
1864 : 78;
1865 : ea;
1866 : 42;
1867 : f3;
1868 : c1;
1869 : 5c;
186a : 12;
186b : a3;
186c : f4;
186d : a5;
186e : 1b;
186f : eb;
1870 : 76;
1871 : 30;
1872 : 71;
1873 : e5;
1874 : 2e;
1875 : 16;
1876 : 0c;
1877 : 00;
1878 : 58;
1879 : 83;
187a : 48;
187b : d1;
187c : 50;
187d : 60;
187e : e7;
187f : d9;
1880 : 77;
1881 : 09;
1882 : 17;
1883 : 1c;
1884 : b9;
1885 : f7;
1886 : 9d;
1887 : 3d;
1888 : f1;
1889 : de;
188a : da;
188b : 74;
188c : e9;
188d : fb;
188e : 40;
188f : f2;
1890 : 9d;
1891 : 94;
1892 : 55;
1893 : 69;
1894 : 82;
1895 : f0;
1896 : a5;
1897 : da;
1898 : 26;
1899 : 2e;
189a : de;
189b : c4;
189c : 2a;
189d : 28;
189e : 77;
189f : 0a;
18a0 : c3;
18a1 : 3b;
18a2 : 6b;
18a3 : bd;
18a4 : 17;
18a5 : a3;
18a6 : 95;
18a7 : 22;
18a8 : d7;
18a9 : ff;
18aa : b2;
18ab : c0;
18ac : a9;
18ad : b9;
18ae : fe;
18af : 2b;
18b0 : 57;
18b1 : b3;
18b2 : 37;
18b3 : 86;
18b4 : 1f;
18b5 : 6c;
18b6 : 39;
18b7 : a6;
18b8 : 73;
18b9 : 14;
18ba : 9f;
18bb : ca;
18bc : b7;
18bd : 8e;
18be : 33;
18bf : 35;
18c0 : 64;
18c1 : d3;
18c2 : 76;
18c3 : bd;
18c4 : 8e;
18c5 : 7a;
18c6 : 15;
18c7 : a2;
18c8 : 32;
18c9 : 46;
18ca : 7a;
18cb : 78;
18cc : e7;
18cd : 9f;
18ce : 3d;
18cf : eb;
18d0 : bc;
18d1 : d5;
18d2 : a5;
18d3 : f9;
18d4 : f6;
18d5 : 98;
18d6 : e1;
18d7 : 02;
18d8 : cc;
18d9 : fc;
18da : 66;
18db : 1a;
18dc : de;
18dd : 67;
18de : 71;
18df : 36;
18e0 : f5;
18e1 : b0;
18e2 : 8e;
18e3 : a6;
18e4 : cb;
18e5 : e8;
18e6 : 0a;
18e7 : c7;
18e8 : 7d;
18e9 : fb;
18ea : d0;
18eb : ac;
18ec : d4;
18ed : 9b;
18ee : 65;
18ef : 0c;
18f0 : 1a;
18f1 : d0;
18f2 : 72;
18f3 : c5;
18f4 : 01;
18f5 : 2c;
18f6 : e7;
18f7 : 2e;
18f8 : ea;
18f9 : 59;
18fa : 39;
18fb : 27;
18fc : 39;
18fd : c7;
18fe : 47;
18ff : 33;
1900 : 13;
1901 : 37;
1902 : 33;
1903 : 88;
1904 : c8;
1905 : e9;
1906 : 6e;
1907 : 93;
1908 : 9c;
1909 : 64;
190a : 6f;
190b : 87;
190c : d1;
190d : f8;
190e : 6a;
190f : 03;
1910 : c8;
1911 : 73;
1912 : 17;
1913 : 7f;
1914 : d1;
1915 : d0;
1916 : eb;
1917 : 97;
1918 : 2e;
1919 : 83;
191a : 59;
191b : 59;
191c : 44;
191d : f0;
191e : 9e;
191f : e1;
1920 : 06;
1921 : 3b;
1922 : 02;
1923 : 33;
1924 : 37;
1925 : 37;
1926 : 97;
1927 : 29;
1928 : 29;
1929 : 11;
192a : 6f;
192b : d8;
192c : e4;
192d : 3a;
192e : 37;
192f : f0;
1930 : 6a;
1931 : 1a;
1932 : 93;
1933 : 9f;
1934 : e1;
1935 : 4a;
1936 : a4;
1937 : ab;
1938 : a5;
1939 : c5;
193a : 7e;
193b : d7;
193c : 13;
193d : 91;
193e : b7;
193f : 95;
1940 : 0c;
1941 : 75;
1942 : cb;
1943 : f0;
1944 : 9c;
1945 : 91;
1946 : d3;
1947 : 91;
1948 : c4;
1949 : f3;
194a : 62;
194b : dc;
194c : 66;
194d : 06;
194e : 0e;
194f : ea;
1950 : fb;
1951 : 74;
1952 : 42;
1953 : 3e;
1954 : 8a;
1955 : 40;
1956 : a8;
1957 : 4f;
1958 : 8a;
1959 : 73;
195a : 39;
195b : 56;
195c : 1d;
195d : d8;
195e : 34;
195f : ea;
1960 : 04;
1961 : d4;
1962 : 58;
1963 : 3f;
1964 : 9d;
1965 : b4;
1966 : 31;
1967 : f9;
1968 : 11;
1969 : a5;
196a : 3a;
196b : 50;
196c : 02;
196d : 72;
196e : 85;
196f : 66;
1970 : b5;
1971 : 83;
1972 : b0;
1973 : a7;
1974 : 2e;
1975 : e4;
1976 : 1e;
1977 : 52;
1978 : 74;
1979 : 6e;
197a : d5;
197b : fb;
197c : c4;
197d : 92;
197e : 32;
197f : 10;
1980 : d4;
1981 : 70;
1982 : 58;
1983 : 08;
1984 : 85;
1985 : 49;
1986 : bc;
1987 : 8d;
1988 : c8;
1989 : 86;
198a : 51;
198b : 2e;
198c : b7;
198d : a1;
198e : 75;
198f : ca;
1990 : c7;
1991 : 0d;
1992 : 8a;
1993 : cf;
1994 : 05;
1995 : 46;
1996 : 0b;
1997 : f6;
1998 : c0;
1999 : ed;
199a : 1e;
199b : 77;
199c : 11;
199d : 5d;
199e : 96;
199f : ba;
19a0 : 94;
19a1 : 6d;
19a2 : 0f;
19a3 : 26;
19a4 : 0a;
19a5 : 71;
19a6 : 6b;
19a7 : 43;
19a8 : e8;
19a9 : 36;
19aa : e2;
19ab : 5c;
19ac : e1;
19ad : 29;
19ae : 71;
19af : 73;
19b0 : 66;
19b1 : 49;
19b2 : c9;
19b3 : af;
19b4 : be;
19b5 : 57;
19b6 : 61;
19b7 : 9a;
19b8 : 49;
19b9 : f0;
19ba : 79;
19bb : 44;
19bc : 2d;
19bd : c2;
19be : 6d;
19bf : 8a;
19c0 : 0f;
19c1 : 06;
19c2 : fd;
19c3 : 59;
19c4 : a5;
19c5 : 8d;
19c6 : 82;
19c7 : a8;
19c8 : bc;
19c9 : 7e;
19ca : 53;
19cb : dd;
19cc : ad;
19cd : 76;
19ce : 13;
19cf : 8a;
19d0 : 88;
19d1 : a3;
19d2 : 46;
19d3 : 23;
19d4 : d4;
19d5 : be;
19d6 : ce;
19d7 : 43;
19d8 : cf;
19d9 : c0;
19da : 5f;
19db : cd;
19dc : 80;
19dd : 02;
19de : a2;
19df : eb;
19e0 : 7d;
19e1 : dc;
19e2 : 8f;
19e3 : e3;
19e4 : 28;
19e5 : 80;
19e6 : 86;
19e7 : 89;
19e8 : e1;
19e9 : ef;
19ea : 60;
19eb : 34;
19ec : 9e;
19ed : fc;
19ee : bc;
19ef : 11;
19f0 : 75;
19f1 : d7;
19f2 : d4;
19f3 : b7;
19f4 : c6;
19f5 : 00;
19f6 : 4e;
19f7 : 27;
19f8 : 3f;
19f9 : f7;
19fa : e8;
19fb : 05;
19fc : ab;
19fd : 06;
19fe : 3c;
19ff : 92;
1a00 : 2d;
1a01 : 6c;
1a02 : 66;
1a03 : f1;
1a04 : d5;
1a05 : 85;
1a06 : 09;
1a07 : 88;
1a08 : a8;
1a09 : 35;
1a0a : e1;
1a0b : 28;
1a0c : ab;
1a0d : 7f;
1a0e : da;
1a0f : 00;
1a10 : d2;
1a11 : 05;
1a12 : fa;
1a13 : 51;
1a14 : 37;
1a15 : 6a;
1a16 : 9b;
1a17 : 5a;
1a18 : 0b;
1a19 : 8a;
1a1a : fe;
1a1b : 35;
1a1c : 8a;
1a1d : 92;
1a1e : 50;
1a1f : c8;
1a20 : ca;
1a21 : 3c;
1a22 : 80;
1a23 : 09;
1a24 : 72;
1a25 : 55;
1a26 : b6;
1a27 : 72;
1a28 : 56;
1a29 : 88;
1a2a : ab;
1a2b : cb;
1a2c : 99;
1a2d : fd;
1a2e : ce;
1a2f : f7;
1a30 : ae;
1a31 : aa;
1a32 : d9;
1a33 : d2;
1a34 : a8;
1a35 : 6b;
1a36 : 38;
1a37 : cc;
1a38 : 12;
1a39 : fc;
1a3a : 98;
1a3b : f2;
1a3c : 05;
1a3d : f2;
1a3e : 96;
1a3f : e2;
1a40 : 52;
1a41 : 8e;
1a42 : 62;
1a43 : e5;
1a44 : 95;
1a45 : a0;
1a46 : 5c;
1a47 : 31;
1a48 : 58;
1a49 : da;
1a4a : 7e;
1a4b : d4;
1a4c : 1c;
1a4d : 78;
1a4e : 86;
1a4f : b4;
1a50 : d7;
1a51 : e1;
1a52 : a8;
1a53 : 26;
1a54 : dc;
1a55 : c4;
1a56 : 60;
1a57 : 21;
1a58 : dd;
1a59 : 1a;
1a5a : 50;
1a5b : a6;
1a5c : 39;
1a5d : da;
1a5e : b9;
1a5f : b1;
1a60 : 68;
1a61 : 7a;
1a62 : 3e;
1a63 : 0a;
1a64 : d8;
1a65 : 99;
1a66 : 00;
1a67 : 8c;
1a68 : 2e;
1a69 : 3a;
1a6a : 38;
1a6b : 30;
1a6c : da;
1a6d : b7;
1a6e : a1;
1a6f : 56;
1a70 : be;
1a71 : 7b;
1a72 : 19;
1a73 : 37;
1a74 : f0;
1a75 : 28;
1a76 : 92;
1a77 : 2a;
1a78 : 2b;
1a79 : 44;
1a7a : b6;
1a7b : 16;
1a7c : 51;
1a7d : f0;
1a7e : 88;
1a7f : 5d;
1a80 : 7d;
1a81 : c2;
1a82 : bc;
1a83 : b4;
1a84 : f6;
1a85 : 3d;
1a86 : 14;
1a87 : 65;
1a88 : 58;
1a89 : 24;
1a8a : 07;
1a8b : 49;
1a8c : 7b;
1a8d : dc;
1a8e : bf;
1a8f : df;
1a90 : c1;
1a91 : d1;
1a92 : 77;
1a93 : 22;
1a94 : 53;
1a95 : 05;
1a96 : 8b;
1a97 : 67;
1a98 : 88;
1a99 : 44;
1a9a : 21;
1a9b : c2;
1a9c : b9;
1a9d : 72;
1a9e : 90;
1a9f : ec;
1aa0 : f4;
1aa1 : 6f;
1aa2 : 0a;
1aa3 : 7c;
1aa4 : 3b;
1aa5 : 8e;
1aa6 : c7;
1aa7 : f3;
1aa8 : ce;
1aa9 : ed;
1aaa : 9b;
1aab : bd;
1aac : ea;
1aad : 39;
1aae : e1;
1aaf : d4;
1ab0 : 17;
1ab1 : f7;
1ab2 : 21;
1ab3 : 67;
1ab4 : c0;
1ab5 : 35;
1ab6 : 79;
1ab7 : 4b;
1ab8 : e6;
1ab9 : 51;
1aba : 4b;
1abb : d7;
1abc : e6;
1abd : 21;
1abe : 7d;
1abf : c2;
1ac0 : 2a;
1ac1 : 49;
1ac2 : 7e;
1ac3 : 09;
1ac4 : 53;
1ac5 : 90;
1ac6 : 9b;
1ac7 : 4d;
1ac8 : 8b;
1ac9 : 90;
1aca : d6;
1acb : 92;
1acc : 97;
1acd : 86;
1ace : e6;
1acf : e7;
1ad0 : a7;
1ad1 : 7b;
1ad2 : aa;
1ad3 : a1;
1ad4 : 9b;
1ad5 : 79;
1ad6 : 1d;
1ad7 : 5f;
1ad8 : 63;
1ad9 : 01;
1ada : 40;
1adb : 79;
1adc : a0;
1add : d8;
1ade : ca;
1adf : f5;
1ae0 : f5;
1ae1 : 66;
1ae2 : ea;
1ae3 : b1;
1ae4 : ad;
1ae5 : e6;
1ae6 : fb;
1ae7 : ff;
1ae8 : d5;
1ae9 : 8f;
1aea : af;
1aeb : c6;
1aec : f5;
1aed : 7e;
1aee : 45;
1aef : 74;
1af0 : 6c;
1af1 : 8c;
1af2 : 40;
1af3 : 22;
1af4 : 20;
1af5 : eb;
1af6 : 91;
1af7 : 1a;
1af8 : cb;
1af9 : a0;
1afa : 61;
1afb : 4f;
1afc : 5b;
1afd : 0d;
1afe : fe;
1aff : d7;
1b00 : a8;
1b01 : a6;
1b02 : a7;
1b03 : 05;
1b04 : b0;
1b05 : eb;
1b06 : bb;
1b07 : da;
1b08 : 5f;
1b09 : 8a;
1b0a : 57;
1b0b : 1d;
1b0c : b3;
1b0d : 53;
1b0e : 3f;
1b0f : 56;
1b10 : f1;
1b11 : b9;
1b12 : 7d;
1b13 : 12;
1b14 : 22;
1b15 : dd;
1b16 : 3d;
1b17 : 15;
1b18 : 39;
1b19 : d9;
1b1a : ed;
1b1b : 71;
1b1c : b8;
1b1d : 58;
1b1e : cd;
1b1f : 82;
1b20 : ee;
1b21 : d3;
1b22 : f9;
1b23 : 8f;
1b24 : 35;
1b25 : 61;
1b26 : 12;
1b27 : dc;
1b28 : 86;
1b29 : a7;
1b2a : 89;
1b2b : a7;
1b2c : 05;
1b2d : 90;
1b2e : 1c;
1b2f : b5;
1b30 : b2;
1b31 : ca;
1b32 : b2;
1b33 : 68;
1b34 : 65;
1b35 : 71;
1b36 : 84;
1b37 : 90;
1b38 : c7;
1b39 : 26;
1b3a : 04;
1b3b : da;
1b3c : be;
1b3d : e6;
1b3e : 87;
1b3f : 79;
1b40 : 6b;
1b41 : 0f;
1b42 : 06;
1b43 : d9;
1b44 : c5;
1b45 : b7;
1b46 : c6;
1b47 : 67;
1b48 : 7e;
1b49 : 80;
1b4a : 1a;
1b4b : 85;
1b4c : 38;
1b4d : c6;
1b4e : 43;
1b4f : 49;
1b50 : 5f;
1b51 : ff;
1b52 : 3c;
1b53 : fb;
1b54 : c5;
1b55 : dc;
1b56 : 0d;
1b57 : 5c;
1b58 : 87;
1b59 : bb;
1b5a : 9a;
1b5b : 4a;
1b5c : 02;
1b5d : 6e;
1b5e : 08;
1b5f : 2c;
1b60 : 61;
1b61 : 5d;
1b62 : 92;
1b63 : e2;
1b64 : 84;
1b65 : 17;
1b66 : be;
1b67 : e9;
1b68 : c5;
1b69 : 6d;
1b6a : 57;
1b6b : fb;
1b6c : 6c;
1b6d : e1;
1b6e : 44;
1b6f : e2;
1b70 : c5;
1b71 : 01;
1b72 : c9;
1b73 : 90;
1b74 : b7;
1b75 : 5a;
1b76 : 62;
1b77 : 67;
1b78 : 0f;
1b79 : aa;
1b7a : 93;
1b7b : 62;
1b7c : 9d;
1b7d : bc;
1b7e : f8;
1b7f : d2;
1b80 : 2a;
1b81 : aa;
1b82 : 35;
1b83 : 35;
1b84 : d8;
1b85 : f3;
1b86 : 21;
1b87 : b5;
1b88 : 82;
1b89 : b7;
1b8a : ea;
1b8b : 02;
1b8c : 8a;
1b8d : ab;
1b8e : b2;
1b8f : 6d;
1b90 : e4;
1b91 : 5c;
1b92 : 68;
1b93 : de;
1b94 : 95;
1b95 : 1b;
1b96 : b5;
1b97 : 5f;
1b98 : 81;
1b99 : 68;
1b9a : 3f;
1b9b : 4c;
1b9c : c3;
1b9d : 5c;
1b9e : 2d;
1b9f : c3;
1ba0 : f6;
1ba1 : 2c;
1ba2 : 3c;
1ba3 : 1b;
1ba4 : e1;
1ba5 : 79;
1ba6 : 4b;
1ba7 : b5;
1ba8 : d2;
1ba9 : 63;
1baa : 10;
1bab : 1e;
1bac : 48;
1bad : 58;
1bae : c2;
1baf : a2;
1bb0 : d2;
1bb1 : 13;
1bb2 : 18;
1bb3 : 5e;
1bb4 : 4c;
1bb5 : 7c;
1bb6 : ac;
1bb7 : bf;
1bb8 : 39;
1bb9 : 3a;
1bba : d2;
1bbb : 64;
1bbc : 49;
1bbd : a4;
1bbe : f9;
1bbf : 09;
1bc0 : 70;
1bc1 : b5;
1bc2 : cd;
1bc3 : 3d;
1bc4 : f2;
1bc5 : fa;
1bc6 : 04;
1bc7 : d0;
1bc8 : e9;
1bc9 : 24;
1bca : f9;
1bcb : a0;
1bcc : 7b;
1bcd : 7e;
1bce : 16;
1bcf : c9;
1bd0 : ad;
1bd1 : ce;
1bd2 : ed;
1bd3 : 30;
1bd4 : 79;
1bd5 : ff;
1bd6 : 1d;
1bd7 : 80;
1bd8 : e0;
1bd9 : 64;
1bda : b2;
1bdb : 42;
1bdc : 95;
1bdd : bd;
1bde : c9;
1bdf : 34;
1be0 : c3;
1be1 : ca;
1be2 : c4;
1be3 : a8;
1be4 : 86;
1be5 : bc;
1be6 : a9;
1be7 : 2d;
1be8 : 50;
1be9 : b7;
1bea : 43;
1beb : 1a;
1bec : 61;
1bed : 91;
1bee : 75;
1bef : 1c;
1bf0 : d4;
1bf1 : a4;
1bf2 : 35;
1bf3 : 9d;
1bf4 : 5c;
1bf5 : c3;
1bf6 : 8f;
1bf7 : 07;
1bf8 : 36;
1bf9 : 8a;
1bfa : a0;
1bfb : d5;
1bfc : 80;
1bfd : 91;
1bfe : f7;
1bff : 59;
1c00 : e6;
1c01 : 2d;
1c02 : cd;
1c03 : 22;
1c04 : 8a;
1c05 : 19;
1c06 : c6;
1c07 : 9d;
1c08 : 9b;
1c09 : c4;
1c0a : f8;
1c0b : 10;
1c0c : d7;
1c0d : ed;
1c0e : 14;
1c0f : 13;
1c10 : bf;
1c11 : 51;
1c12 : 98;
1c13 : 9d;
1c14 : c5;
1c15 : d3;
1c16 : 49;
1c17 : 76;
1c18 : a0;
1c19 : 68;
1c1a : 27;
1c1b : 17;
1c1c : a6;
1c1d : 83;
1c1e : 0f;
1c1f : f2;
1c20 : 02;
1c21 : cd;
1c22 : 68;
1c23 : 87;
1c24 : 1d;
1c25 : 34;
1c26 : ee;
1c27 : f4;
1c28 : ba;
1c29 : a5;
1c2a : 91;
1c2b : 3d;
1c2c : 02;
1c2d : 90;
1c2e : f9;
1c2f : 53;
1c30 : 66;
1c31 : 12;
1c32 : 2b;
1c33 : 1f;
1c34 : 27;
1c35 : fe;
1c36 : 9a;
1c37 : cf;
1c38 : 7e;
1c39 : 00;
1c3a : 74;
1c3b : 06;
1c3c : b1;
1c3d : 77;
1c3e : 11;
1c3f : 83;
1c40 : df;
1c41 : 47;
1c42 : 18;
1c43 : ea;
1c44 : 53;
1c45 : 49;
1c46 : f7;
1c47 : b1;
1c48 : 86;
1c49 : bf;
1c4a : c5;
1c4b : e3;
1c4c : 4b;
1c4d : 3b;
1c4e : 3b;
1c4f : 97;
1c50 : 7f;
1c51 : 34;
1c52 : 7a;
1c53 : ee;
1c54 : d5;
1c55 : 15;
1c56 : 13;
1c57 : 78;
1c58 : 5a;
1c59 : 63;
1c5a : 07;
1c5b : 80;
1c5c : 93;
1c5d : ca;
1c5e : ce;
1c5f : 3e;
1c60 : 45;
1c61 : 68;
1c62 : 16;
1c63 : c7;
1c64 : 3d;
1c65 : 0c;
1c66 : 59;
1c67 : a1;
1c68 : 4f;
1c69 : 72;
1c6a : 40;
1c6b : 24;
1c6c : 23;
1c6d : 1a;
1c6e : 0b;
1c6f : 3f;
1c70 : 04;
1c71 : d3;
1c72 : 24;
1c73 : 04;
1c74 : 6b;
1c75 : f9;
1c76 : 29;
1c77 : bb;
1c78 : 78;
1c79 : 8c;
1c7a : e4;
1c7b : 1c;
1c7c : 9c;
1c7d : 3a;
1c7e : 57;
1c7f : 5f;
1c80 : 80;
1c81 : 5c;
1c82 : 89;
1c83 : 03;
1c84 : f4;
1c85 : 91;
1c86 : 1f;
1c87 : 10;
1c88 : 92;
1c89 : 81;
1c8a : 58;
1c8b : 03;
1c8c : 8b;
1c8d : 77;
1c8e : 47;
1c8f : e2;
1c90 : e9;
1c91 : 6e;
1c92 : 8e;
1c93 : 68;
1c94 : 24;
1c95 : ad;
1c96 : 7a;
1c97 : aa;
1c98 : b6;
1c99 : cc;
1c9a : 39;
1c9b : 58;
1c9c : 4e;
1c9d : 6d;
1c9e : a0;
1c9f : 4e;
1ca0 : 1b;
1ca1 : 79;
1ca2 : f6;
1ca3 : dc;
1ca4 : 7b;
1ca5 : 44;
1ca6 : 3b;
1ca7 : dd;
1ca8 : a4;
1ca9 : 22;
1caa : c2;
1cab : eb;
1cac : 02;
1cad : d5;
1cae : 80;
1caf : 17;
1cb0 : fe;
1cb1 : 18;
1cb2 : b2;
1cb3 : af;
1cb4 : f0;
1cb5 : 22;
1cb6 : 6f;
1cb7 : 51;
1cb8 : 8b;
1cb9 : 0b;
1cba : e6;
1cbb : 67;
1cbc : 6d;
1cbd : 7a;
1cbe : ba;
1cbf : 63;
1cc0 : 70;
1cc1 : 03;
1cc2 : 8b;
1cc3 : ab;
1cc4 : e9;
1cc5 : 97;
1cc6 : 5a;
1cc7 : 31;
1cc8 : ab;
1cc9 : 94;
1cca : b5;
1ccb : f1;
1ccc : e1;
1ccd : 02;
1cce : 77;
1ccf : 4c;
1cd0 : 61;
1cd1 : 16;
1cd2 : 98;
1cd3 : 63;
1cd4 : 6f;
1cd5 : 6e;
1cd6 : 81;
1cd7 : 96;
1cd8 : fc;
1cd9 : e9;
1cda : 88;
1cdb : 1d;
1cdc : 3e;
1cdd : 4c;
1cde : 0d;
1cdf : 5c;
1ce0 : 42;
1ce1 : ef;
1ce2 : 60;
1ce3 : dc;
1ce4 : 14;
1ce5 : c2;
1ce6 : 31;
1ce7 : 06;
1ce8 : 7f;
1ce9 : e3;
1cea : 9d;
1ceb : 7c;
1cec : db;
1ced : 86;
1cee : 9a;
1cef : 9f;
1cf0 : 40;
1cf1 : 6b;
1cf2 : d0;
1cf3 : 06;
1cf4 : e4;
1cf5 : 5e;
1cf6 : 71;
1cf7 : 5b;
1cf8 : 44;
1cf9 : f4;
1cfa : 29;
1cfb : 66;
1cfc : 19;
1cfd : 15;
1cfe : c6;
1cff : 30;
1d00 : 65;
1d01 : 33;
1d02 : b3;
1d03 : d6;
1d04 : 37;
1d05 : 63;
1d06 : f3;
1d07 : 0d;
1d08 : 8e;
1d09 : 25;
1d0a : ce;
1d0b : 9c;
1d0c : 16;
1d0d : 3c;
1d0e : cb;
1d0f : 7b;
1d10 : 0d;
1d11 : 4d;
1d12 : c8;
1d13 : bb;
1d14 : 86;
1d15 : 02;
1d16 : b4;
1d17 : b7;
1d18 : 26;
1d19 : c5;
1d1a : 3a;
1d1b : 9f;
1d1c : 2a;
1d1d : 49;
1d1e : 0a;
1d1f : ea;
1d20 : 16;
1d21 : 40;
1d22 : eb;
1d23 : 26;
1d24 : c5;
1d25 : 75;
1d26 : 13;
1d27 : 6d;
1d28 : 66;
1d29 : 54;
1d2a : 27;
1d2b : 12;
1d2c : ae;
1d2d : 39;
1d2e : 6e;
1d2f : 20;
1d30 : dd;
1d31 : c8;
1d32 : e8;
1d33 : 78;
1d34 : 19;
1d35 : f0;
1d36 : be;
1d37 : ef;
1d38 : 3a;
1d39 : 08;
1d3a : ff;
1d3b : 81;
1d3c : e8;
1d3d : b1;
1d3e : 8c;
1d3f : 8f;
1d40 : 72;
1d41 : 9c;
1d42 : 2d;
1d43 : c5;
1d44 : 09;
1d45 : 1a;
1d46 : 9a;
1d47 : 6e;
1d48 : b0;
1d49 : 61;
1d4a : 11;
1d4b : 84;
1d4c : 09;
1d4d : bf;
1d4e : 30;
1d4f : ca;
1d50 : cc;
1d51 : b3;
1d52 : 39;
1d53 : fe;
1d54 : 02;
1d55 : ef;
1d56 : 1f;
1d57 : ab;
1d58 : 99;
1d59 : 79;
1d5a : 4e;
1d5b : 67;
1d5c : 42;
1d5d : 55;
1d5e : 10;
1d5f : cb;
1d60 : 35;
1d61 : b6;
1d62 : 02;
1d63 : f6;
1d64 : 5f;
1d65 : ea;
1d66 : 67;
1d67 : 26;
1d68 : e6;
1d69 : f9;
1d6a : 0d;
1d6b : f7;
1d6c : f8;
1d6d : aa;
1d6e : b4;
1d6f : 9e;
1d70 : 73;
1d71 : 32;
1d72 : 7c;
1d73 : f5;
1d74 : 6a;
1d75 : dc;
1d76 : aa;
1d77 : 28;
1d78 : c0;
1d79 : 23;
1d7a : cc;
1d7b : d3;
1d7c : c9;
1d7d : ca;
1d7e : f4;
1d7f : 75;
1d80 : 85;
1d81 : 1d;
1d82 : 78;
1d83 : 28;
1d84 : 34;
1d85 : df;
1d86 : 8b;
1d87 : 36;
1d88 : 92;
1d89 : 8e;
1d8a : ff;
1d8b : 98;
1d8c : ca;
1d8d : 84;
1d8e : 79;
1d8f : d7;
1d90 : 9f;
1d91 : 7e;
1d92 : cd;
1d93 : b3;
1d94 : 45;
1d95 : a2;
1d96 : 24;
1d97 : 3c;
1d98 : 01;
1d99 : 1b;
1d9a : 16;
1d9b : 3d;
1d9c : c5;
1d9d : 64;
1d9e : 4f;
1d9f : 3c;
1da0 : 73;
1da1 : 3a;
1da2 : d6;
1da3 : 02;
1da4 : 6b;
1da5 : 31;
1da6 : 16;
1da7 : 0a;
1da8 : 18;
1da9 : 48;
1daa : 00;
1dab : 93;
1dac : 30;
1dad : 56;
1dae : 54;
1daf : 1a;
1db0 : 52;
1db1 : b3;
1db2 : c0;
1db3 : 8c;
1db4 : 09;
1db5 : d3;
1db6 : a3;
1db7 : 45;
1db8 : 24;
1db9 : 88;
1dba : 83;
1dbb : 1c;
1dbc : e2;
1dbd : 18;
1dbe : c5;
1dbf : 32;
1dc0 : 28;
1dc1 : be;
1dc2 : 93;
1dc3 : 0c;
1dc4 : 3d;
1dc5 : bb;
1dc6 : bb;
1dc7 : 62;
1dc8 : de;
1dc9 : 72;
1dca : 73;
1dcb : 0a;
1dcc : a1;
1dcd : 32;
1dce : 81;
1dcf : 89;
1dd0 : 3c;
1dd1 : 8b;
1dd2 : 71;
1dd3 : 32;
1dd4 : 94;
1dd5 : 43;
1dd6 : 32;
1dd7 : 95;
1dd8 : 7b;
1dd9 : 39;
1dda : 7c;
1ddb : 85;
1ddc : cd;
1ddd : ea;
1dde : ab;
1ddf : 1b;
1de0 : a4;
1de1 : 17;
1de2 : d0;
1de3 : 9f;
1de4 : e6;
1de5 : c9;
1de6 : 04;
1de7 : 21;
1de8 : 78;
1de9 : 26;
1dea : 84;
1deb : d9;
1dec : 04;
1ded : 03;
1dee : ae;
1def : 58;
1df0 : 81;
1df1 : e7;
1df2 : 0c;
1df3 : 58;
1df4 : c4;
1df5 : 39;
1df6 : 71;
1df7 : 9c;
1df8 : fc;
1df9 : 8b;
1dfa : f6;
1dfb : 21;
1dfc : 12;
1dfd : 8a;
1dfe : 8d;
1dff : d5;
1e00 : 17;
1e01 : 8c;
1e02 : 8f;
1e03 : 9a;
1e04 : ed;
1e05 : 1f;
1e06 : f4;
1e07 : 82;
1e08 : db;
1e09 : 34;
1e0a : ea;
1e0b : 29;
1e0c : 3c;
1e0d : 9d;
1e0e : 97;
1e0f : f0;
1e10 : 42;
1e11 : 30;
1e12 : c8;
1e13 : 4f;
1e14 : 53;
1e15 : 47;
1e16 : b3;
1e17 : 9b;
1e18 : 64;
1e19 : af;
1e1a : c6;
1e1b : bf;
1e1c : f4;
1e1d : a4;
1e1e : 70;
1e1f : fb;
1e20 : 9b;
1e21 : b8;
1e22 : cd;
1e23 : fb;
1e24 : a8;
1e25 : 65;
1e26 : 61;
1e27 : 48;
1e28 : 0e;
1e29 : 8a;
1e2a : 9f;
1e2b : 44;
1e2c : 3b;
1e2d : 82;
1e2e : f9;
1e2f : 8b;
1e30 : 25;
1e31 : ce;
1e32 : e1;
1e33 : 7a;
1e34 : 88;
1e35 : a9;
1e36 : 13;
1e37 : 60;
1e38 : db;
1e39 : af;
1e3a : 52;
1e3b : ea;
1e3c : 67;
1e3d : 4f;
1e3e : 3c;
1e3f : a7;
1e40 : 60;
1e41 : 20;
1e42 : ba;
1e43 : cc;
1e44 : 35;
1e45 : ed;
1e46 : ab;
1e47 : c1;
1e48 : 97;
1e49 : 9b;
1e4a : eb;
1e4b : 41;
1e4c : f7;
1e4d : ac;
1e4e : 4a;
1e4f : 0c;
1e50 : bb;
1e51 : 65;
1e52 : 69;
1e53 : 85;
1e54 : 67;
1e55 : 44;
1e56 : 2c;
1e57 : 68;
1e58 : f9;
1e59 : 1d;
1e5a : 87;
1e5b : a5;
1e5c : 20;
1e5d : 3f;
1e5e : 9b;
1e5f : 70;
1e60 : 48;
1e61 : 35;
1e62 : 87;
1e63 : 51;
1e64 : e1;
1e65 : 85;
1e66 : 18;
1e67 : bd;
1e68 : 2f;
1e69 : 0c;
1e6a : 2a;
1e6b : 0c;
1e6c : 96;
1e6d : e6;
1e6e : 9c;
1e6f : 7c;
1e70 : 91;
1e71 : 5e;
1e72 : 80;
1e73 : c1;
1e74 : b1;
1e75 : 18;
1e76 : 25;
1e77 : 45;
1e78 : 72;
1e79 : 5c;
1e7a : ec;
1e7b : be;
1e7c : 5e;
1e7d : fa;
1e7e : fb;
1e7f : 64;
1e80 : 57;
1e81 : c1;
1e82 : 17;
1e83 : a4;
1e84 : 5c;
1e85 : 3f;
1e86 : 2d;
1e87 : af;
1e88 : 48;
1e89 : 2c;
1e8a : 56;
1e8b : ef;
1e8c : 4c;
1e8d : 82;
1e8e : c6;
1e8f : a2;
1e90 : c4;
1e91 : 9e;
1e92 : 40;
1e93 : 63;
1e94 : 5e;
1e95 : 14;
1e96 : 52;
1e97 : 5f;
1e98 : 29;
1e99 : 93;
1e9a : 01;
1e9b : 61;
1e9c : 7f;
1e9d : ce;
1e9e : 3b;
1e9f : 28;
1ea0 : 9d;
1ea1 : e1;
1ea2 : c6;
1ea3 : c4;
1ea4 : f4;
1ea5 : eb;
1ea6 : 5f;
1ea7 : c2;
1ea8 : 71;
1ea9 : 1d;
1eaa : 0f;
1eab : 6e;
1eac : 00;
1ead : 6a;
1eae : d6;
1eaf : e4;
1eb0 : c1;
1eb1 : 59;
1eb2 : ad;
1eb3 : 27;
1eb4 : 0b;
1eb5 : a7;
1eb6 : dc;
1eb7 : c3;
1eb8 : 44;
1eb9 : 21;
1eba : 01;
1ebb : 65;
1ebc : eb;
1ebd : 0f;
1ebe : 55;
1ebf : 33;
1ec0 : a9;
1ec1 : 20;
1ec2 : b8;
1ec3 : 80;
1ec4 : 83;
1ec5 : 52;
1ec6 : 94;
1ec7 : 92;
1ec8 : 56;
1ec9 : 8f;
1eca : 1f;
1ecb : 86;
1ecc : 01;
1ecd : d3;
1ece : 69;
1ecf : f7;
1ed0 : 01;
1ed1 : 71;
1ed2 : 22;
1ed3 : aa;
1ed4 : 68;
1ed5 : c5;
1ed6 : 60;
1ed7 : 61;
1ed8 : ec;
1ed9 : cb;
1eda : ce;
1edb : b8;
1edc : d2;
1edd : 7b;
1ede : a2;
1edf : fa;
1ee0 : 10;
1ee1 : 5a;
1ee2 : 18;
1ee3 : 1a;
1ee4 : 37;
1ee5 : 98;
1ee6 : 79;
1ee7 : d5;
1ee8 : dc;
1ee9 : 86;
1eea : f5;
1eeb : a2;
1eec : 74;
1eed : 15;
1eee : f1;
1eef : c0;
1ef0 : 43;
1ef1 : 9c;
1ef2 : 60;
1ef3 : 76;
1ef4 : 0d;
1ef5 : 73;
1ef6 : e7;
1ef7 : 37;
1ef8 : c7;
1ef9 : 2d;
1efa : c5;
1efb : 5d;
1efc : 23;
1efd : d5;
1efe : db;
1eff : 79;
1f00 : 1b;
1f01 : e0;
1f02 : 2b;
1f03 : 49;
1f04 : da;
1f05 : 87;
1f06 : 62;
1f07 : 70;
1f08 : c6;
1f09 : ed;
1f0a : 49;
1f0b : 3f;
1f0c : 40;
1f0d : 35;
1f0e : 07;
1f0f : b3;
1f10 : 48;
1f11 : 36;
1f12 : ea;
1f13 : a6;
1f14 : ac;
1f15 : 2b;
1f16 : e1;
1f17 : ca;
1f18 : a4;
1f19 : 37;
1f1a : ff;
1f1b : 69;
1f1c : 3b;
1f1d : 5e;
1f1e : c3;
1f1f : 02;
1f20 : 2e;
1f21 : 4b;
1f22 : ef;
1f23 : 12;
1f24 : 5a;
1f25 : a2;
1f26 : fe;
1f27 : c3;
1f28 : 37;
1f29 : b1;
1f2a : 47;
1f2b : 54;
1f2c : a7;
1f2d : 3b;
1f2e : 4d;
1f2f : 82;
1f30 : fc;
1f31 : 3d;
1f32 : c6;
1f33 : aa;
1f34 : 1a;
1f35 : 10;
1f36 : 77;
1f37 : 2c;
1f38 : 39;
1f39 : 7d;
1f3a : b2;
1f3b : 5f;
1f3c : 7b;
1f3d : c3;
1f3e : 0b;
1f3f : f7;
1f40 : c2;
1f41 : 68;
1f42 : d7;
1f43 : a1;
1f44 : 49;
1f45 : 77;
1f46 : bb;
1f47 : 7b;
1f48 : e7;
1f49 : 14;
1f4a : 36;
1f4b : a2;
1f4c : 41;
1f4d : bd;
1f4e : 58;
1f4f : 41;
1f50 : d7;
1f51 : 22;
1f52 : a7;
1f53 : d4;
1f54 : 6e;
1f55 : 5d;
1f56 : 21;
1f57 : 3d;
1f58 : 3d;
1f59 : 89;
1f5a : 3e;
1f5b : e7;
1f5c : 0b;
1f5d : 33;
1f5e : 4c;
1f5f : 04;
1f60 : 91;
1f61 : 68;
1f62 : 49;
1f63 : 6f;
1f64 : 59;
1f65 : 46;
1f66 : b2;
1f67 : 18;
1f68 : d1;
1f69 : a6;
1f6a : 2a;
1f6b : b0;
1f6c : d6;
1f6d : 31;
1f6e : b6;
1f6f : cd;
1f70 : 14;
1f71 : b5;
1f72 : 7f;
1f73 : 4e;
1f74 : aa;
1f75 : 6f;
1f76 : 57;
1f77 : 99;
1f78 : 09;
1f79 : ef;
1f7a : de;
1f7b : 5c;
1f7c : 12;
1f7d : 5c;
1f7e : 25;
1f7f : 31;
1f80 : be;
1f81 : 2b;
1f82 : 4c;
1f83 : bc;
1f84 : 8e;
1f85 : 53;
1f86 : b9;
1f87 : 14;
1f88 : c4;
1f89 : 4f;
1f8a : ea;
1f8b : dd;
1f8c : bb;
1f8d : 54;
1f8e : b3;
1f8f : a2;
1f90 : 78;
1f91 : 04;
1f92 : 29;
1f93 : 59;
1f94 : 01;
1f95 : d4;
1f96 : 5d;
1f97 : 0e;
1f98 : 8e;
1f99 : 25;
1f9a : c6;
1f9b : 5f;
1f9c : c9;
1f9d : 5a;
1f9e : f2;
1f9f : b3;
1fa0 : f0;
1fa1 : b3;
1fa2 : b5;
1fa3 : b1;
1fa4 : 43;
1fa5 : 4b;
1fa6 : b7;
1fa7 : 9d;
1fa8 : 15;
1fa9 : 41;
1faa : 46;
1fab : c5;
1fac : fb;
1fad : eb;
1fae : 2c;
1faf : 1a;
1fb0 : 6f;
1fb1 : 43;
1fb2 : d0;
1fb3 : d4;
1fb4 : 96;
1fb5 : 35;
1fb6 : 0f;
1fb7 : 6a;
1fb8 : 16;
1fb9 : 3d;
1fba : 42;
1fbb : bc;
1fbc : b8;
1fbd : 9f;
1fbe : 34;
1fbf : 74;
1fc0 : c1;
1fc1 : ae;
1fc2 : 35;
1fc3 : 93;
1fc4 : 4f;
1fc5 : 7c;
1fc6 : 3d;
1fc7 : d3;
1fc8 : af;
1fc9 : c6;
1fca : 84;
1fcb : 6c;
1fcc : 86;
1fcd : 07;
1fce : 0b;
1fcf : 0d;
1fd0 : 16;
1fd1 : e5;
1fd2 : 39;
1fd3 : 87;
1fd4 : 57;
1fd5 : 30;
1fd6 : a0;
1fd7 : 9a;
1fd8 : e2;
1fd9 : 19;
1fda : e1;
1fdb : 1a;
1fdc : 48;
1fdd : 9b;
1fde : f6;
1fdf : ec;
1fe0 : c8;
1fe1 : 14;
1fe2 : 09;
1fe3 : 93;
1fe4 : f3;
1fe5 : ff;
1fe6 : ce;
1fe7 : 70;
1fe8 : 3d;
1fe9 : 6c;
1fea : 05;
1feb : 84;
1fec : 06;
1fed : b5;
1fee : df;
1fef : 99;
1ff0 : 5e;
1ff1 : 66;
1ff2 : 61;
1ff3 : bd;
1ff4 : 7e;
1ff5 : 98;
1ff6 : 1b;
1ff7 : 9d;
1ff8 : 0f;
1ff9 : 25;
1ffa : ef;
1ffb : d6;
1ffc : b9;
1ffd : f1;
1ffe : 15;
1fff : 34;
2000 : 4a;
2001 : 91;
2002 : 28;
2003 : 31;
2004 : 26;
2005 : 73;
2006 : b8;
2007 : 8d;
2008 : 10;
2009 : dd;
200a : fe;
200b : 3a;
200c : ad;
200d : b5;
200e : f4;
200f : 2c;
2010 : e9;
2011 : 2d;
2012 : a9;
2013 : f3;
2014 : 14;
2015 : 02;
2016 : af;
2017 : 72;
2018 : 92;
2019 : 4e;
201a : e5;
201b : af;
201c : 9f;
201d : b3;
201e : 03;
201f : 07;
2020 : 65;
2021 : ad;
2022 : 56;
2023 : ff;
2024 : c8;
2025 : e8;
2026 : 7d;
2027 : 16;
2028 : 03;
2029 : ac;
202a : 30;
202b : 98;
202c : cc;
202d : 66;
202e : bf;
202f : 59;
2030 : be;
2031 : 37;
2032 : a3;
2033 : 57;
2034 : bd;
2035 : 84;
2036 : 90;
2037 : 76;
2038 : 53;
2039 : 21;
203a : d9;
203b : d7;
203c : 9e;
203d : 0e;
203e : b6;
203f : 13;
2040 : cc;
2041 : f1;
2042 : 9c;
2043 : 87;
2044 : 0a;
2045 : aa;
2046 : b7;
2047 : 27;
2048 : eb;
2049 : 12;
204a : 7b;
204b : c7;
204c : cd;
204d : 52;
204e : 88;
204f : 81;
2050 : ff;
2051 : 8f;
2052 : ac;
2053 : dd;
2054 : db;
2055 : c2;
2056 : 0c;
2057 : 47;
2058 : a0;
2059 : 98;
205a : e3;
205b : 9a;
205c : c8;
205d : e7;
205e : 38;
205f : 63;
2060 : 33;
2061 : 2b;
2062 : ff;
2063 : 5d;
2064 : 09;
2065 : a0;
2066 : c1;
2067 : 56;
2068 : cb;
2069 : 24;
206a : c7;
206b : 58;
206c : 20;
206d : 93;
206e : 03;
206f : ab;
2070 : 93;
2071 : 42;
2072 : a5;
2073 : 69;
2074 : 77;
2075 : a4;
2076 : 8d;
2077 : de;
2078 : 39;
2079 : 39;
207a : f8;
207b : 67;
207c : 40;
207d : 7b;
207e : 80;
207f : 46;
2080 : d4;
2081 : 1e;
2082 : 87;
2083 : 96;
2084 : ab;
2085 : a0;
2086 : 29;
2087 : 8f;
2088 : 81;
2089 : 17;
208a : 21;
208b : 75;
208c : c2;
208d : 4a;
208e : 06;
208f : d3;
2090 : a6;
2091 : 67;
2092 : 6b;
2093 : 55;
2094 : e9;
2095 : f1;
2096 : c8;
2097 : 33;
2098 : 96;
2099 : 7e;
209a : a7;
209b : 29;
209c : 93;
209d : 78;
209e : f9;
209f : 0b;
20a0 : 4c;
20a1 : 2c;
20a2 : 50;
20a3 : 15;
20a4 : 88;
20a5 : 41;
20a6 : e2;
20a7 : 56;
20a8 : ec;
20a9 : 52;
20aa : 37;
20ab : d2;
20ac : b4;
20ad : e1;
20ae : 14;
20af : 15;
20b0 : f4;
20b1 : 08;
20b2 : 18;
20b3 : 29;
20b4 : 2d;
20b5 : d1;
20b6 : 5f;
20b7 : 75;
20b8 : ea;
20b9 : eb;
20ba : bb;
20bb : 3c;
20bc : af;
20bd : 38;
20be : cd;
20bf : e7;
20c0 : cd;
20c1 : e2;
20c2 : 8f;
20c3 : a5;
20c4 : b9;
20c5 : 6d;
20c6 : ca;
20c7 : 06;
20c8 : f3;
20c9 : 73;
20ca : 52;
20cb : a3;
20cc : a4;
20cd : 0a;
20ce : 02;
20cf : 23;
20d0 : f6;
20d1 : 7e;
20d2 : ec;
20d3 : b7;
20d4 : a4;
20d5 : d4;
20d6 : 6a;
20d7 : 98;
20d8 : 8d;
20d9 : 72;
20da : 09;
20db : fb;
20dc : 80;
20dd : ca;
20de : cd;
20df : 48;
20e0 : 65;
20e1 : 08;
20e2 : e2;
20e3 : 98;
20e4 : f3;
20e5 : d3;
20e6 : 14;
20e7 : 02;
20e8 : 2f;
20e9 : 63;
20ea : 2c;
20eb : 25;
20ec : 7e;
20ed : ff;
20ee : 0e;
20ef : 89;
20f0 : e8;
20f1 : e8;
20f2 : 00;
20f3 : ed;
20f4 : 69;
20f5 : 84;
20f6 : 8b;
20f7 : 83;
20f8 : 16;
20f9 : 30;
20fa : 62;
20fb : 1e;
20fc : 41;
20fd : 9d;
20fe : b0;
20ff : 87;
2100 : 26;
2101 : 81;
2102 : 3f;
2103 : 71;
2104 : 74;
2105 : 8d;
2106 : e7;
2107 : ca;
2108 : 9f;
2109 : 6e;
210a : 97;
210b : e4;
210c : 46;
210d : 85;
210e : b5;
210f : d3;
2110 : 6c;
2111 : 50;
2112 : 08;
2113 : 47;
2114 : a2;
2115 : 80;
2116 : 7a;
2117 : 36;
2118 : 92;
2119 : 14;
211a : 7f;
211b : 8e;
211c : fd;
211d : 95;
211e : 89;
211f : a5;
2120 : b4;
2121 : 84;
2122 : ea;
2123 : 7a;
2124 : ac;
2125 : 13;
2126 : df;
2127 : 51;
2128 : 3b;
2129 : 5e;
212a : e3;
212b : 63;
212c : 66;
212d : 17;
212e : e6;
212f : f4;
2130 : f9;
2131 : 16;
2132 : 32;
2133 : 7a;
2134 : 68;
2135 : 9a;
2136 : 5b;
2137 : a6;
2138 : 43;
2139 : 27;
213a : 0b;
213b : 9e;
213c : 5a;
213d : b5;
213e : 7d;
213f : 5b;
2140 : 70;
2141 : ff;
2142 : c8;
2143 : ce;
2144 : 49;
2145 : 81;
2146 : 9f;
2147 : f2;
2148 : c8;
2149 : 54;
214a : 0c;
214b : b7;
214c : a5;
214d : 94;
214e : 2e;
214f : 85;
2150 : 47;
2151 : 3d;
2152 : db;
2153 : 17;
2154 : e6;
2155 : 1a;
2156 : 38;
2157 : 03;
2158 : 8b;
2159 : 63;
215a : 1e;
215b : 88;
215c : 63;
215d : 76;
215e : fb;
215f : 91;
2160 : 34;
2161 : 4f;
2162 : 05;
2163 : 10;
2164 : 9b;
2165 : f6;
2166 : 3c;
2167 : 65;
2168 : 15;
2169 : 17;
216a : 6c;
216b : 7f;
216c : 48;
216d : ee;
216e : d0;
216f : 95;
2170 : 72;
2171 : ae;
2172 : 69;
2173 : 73;
2174 : 40;
2175 : 7e;
2176 : 84;
2177 : 74;
2178 : b0;
2179 : 27;
217a : da;
217b : f7;
217c : 7e;
217d : 0a;
217e : 27;
217f : 10;
2180 : 6f;
2181 : e1;
2182 : c8;
2183 : a8;
2184 : 93;
2185 : 8a;
2186 : fa;
2187 : d5;
2188 : 6c;
2189 : e8;
218a : 9d;
218b : 13;
218c : 62;
218d : 97;
218e : 1f;
218f : 98;
2190 : 71;
2191 : ed;
2192 : 25;
2193 : e9;
2194 : 17;
2195 : a5;
2196 : b4;
2197 : a0;
2198 : 75;
2199 : 91;
219a : 0a;
219b : 0b;
219c : 18;
219d : d1;
219e : 3a;
219f : 9a;
21a0 : 51;
21a1 : 63;
21a2 : f7;
21a3 : 53;
21a4 : 79;
21a5 : 23;
21a6 : 63;
21a7 : 1f;
21a8 : c6;
21a9 : df;
21aa : bd;
21ab : 5a;
21ac : df;
21ad : b2;
21ae : db;
21af : 86;
21b0 : ca;
21b1 : 78;
21b2 : 64;
21b3 : c0;
21b4 : 08;
21b5 : 24;
21b6 : 9d;
21b7 : 56;
21b8 : 0f;
21b9 : 06;
21ba : dd;
21bb : 9a;
21bc : e8;
21bd : 43;
21be : a1;
21bf : ed;
21c0 : 3c;
21c1 : 7a;
21c2 : d1;
21c3 : 55;
21c4 : b5;
21c5 : 29;
21c6 : bc;
21c7 : d2;
21c8 : b3;
21c9 : 28;
21ca : 95;
21cb : ce;
21cc : 42;
21cd : 41;
21ce : d7;
21cf : 27;
21d0 : 76;
21d1 : 6b;
21d2 : 69;
21d3 : 81;
21d4 : 9c;
21d5 : 80;
21d6 : 74;
21d7 : 3c;
21d8 : 6d;
21d9 : 04;
21da : 50;
21db : d3;
21dc : df;
21dd : c3;
21de : f7;
21df : 21;
21e0 : 8a;
21e1 : 9a;
21e2 : 4d;
21e3 : 0f;
21e4 : 62;
21e5 : 48;
21e6 : 78;
21e7 : 07;
21e8 : 5e;
21e9 : b5;
21ea : 26;
21eb : 55;
21ec : 1f;
21ed : 31;
21ee : 04;
21ef : a3;
21f0 : 86;
21f1 : f8;
21f2 : ae;
21f3 : 8a;
21f4 : 86;
21f5 : b2;
21f6 : 0a;
21f7 : 25;
21f8 : 4a;
21f9 : 34;
21fa : 61;
21fb : e9;
21fc : 9e;
21fd : 78;
21fe : 7e;
21ff : 7f;
2200 : ed;
2201 : 4b;
2202 : 00;
2203 : e9;
2204 : 80;
2205 : cf;
2206 : 10;
2207 : fa;
2208 : db;
2209 : 04;
220a : 34;
220b : 27;
220c : a3;
220d : f8;
220e : e7;
220f : f3;
2210 : 86;
2211 : 69;
2212 : e0;
2213 : b5;
2214 : c3;
2215 : 95;
2216 : 40;
2217 : ca;
2218 : 33;
2219 : 6b;
221a : 44;
221b : c4;
221c : 31;
221d : bf;
221e : aa;
221f : 32;
2220 : e7;
2221 : fc;
2222 : 4c;
2223 : e1;
2224 : 19;
2225 : 08;
2226 : bc;
2227 : 9f;
2228 : 86;
2229 : 11;
222a : 59;
222b : 68;
222c : 00;
222d : 4e;
222e : be;
222f : 1f;
2230 : 78;
2231 : 05;
2232 : a2;
2233 : 2e;
2234 : 03;
2235 : e9;
2236 : c6;
2237 : 81;
2238 : 95;
2239 : cc;
223a : 40;
223b : bc;
223c : 2e;
223d : 19;
223e : 76;
223f : 01;
2240 : 8c;
2241 : 12;
2242 : 86;
2243 : 8f;
2244 : 35;
2245 : 6d;
2246 : bc;
2247 : 0d;
2248 : ff;
2249 : 64;
224a : 8b;
224b : 2d;
224c : 33;
224d : d1;
224e : d3;
224f : fc;
2250 : aa;
2251 : 65;
2252 : 3c;
2253 : d2;
2254 : ba;
2255 : c9;
2256 : e9;
2257 : e1;
2258 : 03;
2259 : 84;
225a : 2e;
225b : 58;
225c : c4;
225d : 9a;
225e : 20;
225f : 77;
2260 : b5;
2261 : db;
2262 : 5f;
2263 : 92;
2264 : f2;
2265 : 3f;
2266 : c5;
2267 : 06;
2268 : 14;
2269 : fb;
226a : 00;
226b : 8d;
226c : 1d;
226d : b9;
226e : 26;
226f : 26;
2270 : 1b;
2271 : 2a;
2272 : d9;
2273 : 78;
2274 : 37;
2275 : 74;
2276 : cf;
2277 : 14;
2278 : 32;
2279 : b6;
227a : 6d;
227b : 9a;
227c : 7d;
227d : b0;
227e : 13;
227f : 9b;
2280 : e2;
2281 : 32;
2282 : 66;
2283 : 3e;
2284 : 51;
2285 : aa;
2286 : 6f;
2287 : 09;
2288 : 47;
2289 : 08;
228a : ac;
228b : 4b;
228c : 1f;
228d : fa;
228e : c0;
228f : 3f;
2290 : e3;
2291 : 80;
2292 : 3c;
2293 : dd;
2294 : 6a;
2295 : 5f;
2296 : 83;
2297 : b5;
2298 : 49;
2299 : f6;
229a : eb;
229b : 4b;
229c : 2e;
229d : 1b;
229e : c3;
229f : 71;
22a0 : f5;
22a1 : 7f;
22a2 : da;
22a3 : 61;
22a4 : 8f;
22a5 : 4a;
22a6 : 76;
22a7 : 88;
22a8 : 1c;
22a9 : 93;
22aa : d0;
22ab : 9d;
22ac : 0f;
22ad : 35;
22ae : cd;
22af : 01;
22b0 : a8;
22b1 : 05;
22b2 : 32;
22b3 : c2;
22b4 : 57;
22b5 : e6;
22b6 : 7e;
22b7 : 82;
22b8 : e4;
22b9 : 0a;
22ba : 64;
22bb : 18;
22bc : 4c;
22bd : b7;
22be : f6;
22bf : 83;
22c0 : 1b;
22c1 : c2;
22c2 : 72;
22c3 : 0c;
22c4 : e3;
22c5 : 34;
22c6 : 56;
22c7 : a6;
22c8 : 28;
22c9 : 4c;
22ca : c8;
22cb : 96;
22cc : eb;
22cd : d7;
22ce : 81;
22cf : 91;
22d0 : 37;
22d1 : ef;
22d2 : dd;
22d3 : ae;
22d4 : 99;
22d5 : ed;
22d6 : f6;
22d7 : 64;
22d8 : c7;
22d9 : 00;
22da : 4c;
22db : 86;
22dc : 85;
22dd : c9;
22de : 57;
22df : c7;
22e0 : 51;
22e1 : 79;
22e2 : 68;
22e3 : 4b;
22e4 : bb;
22e5 : ad;
22e6 : bb;
22e7 : 77;
22e8 : fc;
22e9 : 81;
22ea : e0;
22eb : 5d;
22ec : 20;
22ed : a5;
22ee : d4;
22ef : 5f;
22f0 : 5d;
22f1 : eb;
22f2 : 55;
22f3 : c2;
22f4 : 78;
22f5 : 43;
22f6 : d8;
22f7 : c1;
22f8 : 17;
22f9 : 6d;
22fa : 05;
22fb : 0c;
22fc : d4;
22fd : 62;
22fe : b0;
22ff : 9d;
2300 : ea;
2301 : 72;
2302 : e2;
2303 : d4;
2304 : d6;
2305 : fe;
2306 : e1;
2307 : cd;
2308 : b0;
2309 : 4b;
230a : 27;
230b : be;
230c : 9b;
230d : 2a;
230e : 8f;
230f : 04;
2310 : 6c;
2311 : e4;
2312 : 84;
2313 : 5f;
2314 : 74;
2315 : be;
2316 : 27;
2317 : 60;
2318 : 07;
2319 : 87;
231a : 82;
231b : 09;
231c : 1e;
231d : 6a;
231e : ec;
231f : db;
2320 : c3;
2321 : 4a;
2322 : ce;
2323 : ef;
2324 : 80;
2325 : 16;
2326 : e1;
2327 : 35;
2328 : ce;
2329 : 85;
232a : ea;
232b : 4e;
232c : b3;
232d : 72;
232e : 5b;
232f : ce;
2330 : cf;
2331 : b5;
2332 : f1;
2333 : 56;
2334 : 45;
2335 : d9;
2336 : 39;
2337 : a0;
2338 : 8d;
2339 : da;
233a : 15;
233b : d3;
233c : 49;
233d : 9b;
233e : b4;
233f : e4;
2340 : fd;
2341 : 50;
2342 : fc;
2343 : 1a;
2344 : a7;
2345 : 76;
2346 : 48;
2347 : 48;
2348 : 66;
2349 : 25;
234a : bd;
234b : b7;
234c : dc;
234d : f8;
234e : 44;
234f : 51;
2350 : 1f;
2351 : d6;
2352 : 6a;
2353 : fc;
2354 : f6;
2355 : 26;
2356 : 92;
2357 : d8;
2358 : 1c;
2359 : 4a;
235a : f9;
235b : e5;
235c : 11;
235d : ed;
235e : af;
235f : ac;
2360 : 42;
2361 : 7e;
2362 : 7f;
2363 : e2;
2364 : 2d;
2365 : de;
2366 : 64;
2367 : 3f;
2368 : 93;
2369 : 1a;
236a : bf;
236b : 59;
236c : 6f;
236d : 27;
236e : 6f;
236f : d1;
2370 : 2c;
2371 : 3d;
2372 : 81;
2373 : 23;
2374 : 4c;
2375 : ec;
2376 : 1c;
2377 : ae;
2378 : e5;
2379 : 2b;
237a : c7;
237b : b2;
237c : 61;
237d : 4d;
237e : d8;
237f : 92;
2380 : b1;
2381 : 76;
2382 : 5b;
2383 : 82;
2384 : 22;
2385 : 4f;
2386 : 75;
2387 : 92;
2388 : d3;
2389 : 4c;
238a : db;
238b : 55;
238c : ea;
238d : de;
238e : b4;
238f : 06;
2390 : 00;
2391 : c8;
2392 : 9a;
2393 : b7;
2394 : ee;
2395 : d2;
2396 : 88;
2397 : 85;
2398 : 60;
2399 : 91;
239a : cd;
239b : fa;
239c : b6;
239d : e5;
239e : 60;
239f : e3;
23a0 : 41;
23a1 : 19;
23a2 : 68;
23a3 : 4b;
23a4 : ff;
23a5 : a0;
23a6 : df;
23a7 : d0;
23a8 : ed;
23a9 : 54;
23aa : 62;
23ab : 62;
23ac : df;
23ad : 6b;
23ae : c8;
23af : a1;
23b0 : 3e;
23b1 : c9;
23b2 : e4;
23b3 : d0;
23b4 : fe;
23b5 : e7;
23b6 : a6;
23b7 : 30;
23b8 : 1a;
23b9 : d7;
23ba : 0d;
23bb : ce;
23bc : 6d;
23bd : bf;
23be : 19;
23bf : 12;
23c0 : d0;
23c1 : 4f;
23c2 : 74;
23c3 : a0;
23c4 : 33;
23c5 : 5a;
23c6 : a8;
23c7 : 89;
23c8 : 52;
23c9 : e8;
23ca : c9;
23cb : 4c;
23cc : 01;
23cd : 57;
23ce : e9;
23cf : b3;
23d0 : 12;
23d1 : 81;
23d2 : de;
23d3 : 10;
23d4 : 8a;
23d5 : fd;
23d6 : 73;
23d7 : 4d;
23d8 : 6a;
23d9 : b2;
23da : 6e;
23db : a8;
23dc : a9;
23dd : 25;
23de : 35;
23df : 98;
23e0 : 04;
23e1 : c4;
23e2 : e6;
23e3 : 2f;
23e4 : 41;
23e5 : 78;
23e6 : 2b;
23e7 : 4a;
23e8 : ae;
23e9 : 8c;
23ea : fc;
23eb : ee;
23ec : 3d;
23ed : eb;
23ee : 41;
23ef : 78;
23f0 : c9;
23f1 : 7e;
23f2 : 3f;
23f3 : f1;
23f4 : 33;
23f5 : e2;
23f6 : 4e;
23f7 : b4;
23f8 : cb;
23f9 : c4;
23fa : 2a;
23fb : 7d;
23fc : 44;
23fd : 53;
23fe : 78;
23ff : b7;
2400 : e5;
2401 : ec;
2402 : 47;
2403 : 97;
2404 : 0e;
2405 : db;
2406 : 79;
2407 : 23;
2408 : 0a;
2409 : a9;
240a : 1a;
240b : 68;
240c : 6e;
240d : 91;
240e : 5a;
240f : fc;
2410 : b9;
2411 : 21;
2412 : 69;
2413 : 26;
2414 : 23;
2415 : a4;
2416 : 3b;
2417 : 1d;
2418 : 1e;
2419 : 11;
241a : 59;
241b : c9;
241c : f8;
241d : 3a;
241e : ac;
241f : db;
2420 : 77;
2421 : b4;
2422 : 01;
2423 : ac;
2424 : 36;
2425 : a3;
2426 : 5c;
2427 : b8;
2428 : 8e;
2429 : f0;
242a : 7f;
242b : 48;
242c : 1e;
242d : dc;
242e : 7c;
242f : 55;
2430 : cd;
2431 : d0;
2432 : 6a;
2433 : 8d;
2434 : 02;
2435 : 89;
2436 : 01;
2437 : 15;
2438 : 2a;
2439 : 9a;
243a : 7f;
243b : b0;
243c : 8d;
243d : 72;
243e : 96;
243f : 9b;
2440 : 97;
2441 : d1;
2442 : e2;
2443 : 71;
2444 : aa;
2445 : 89;
2446 : ca;
2447 : f6;
2448 : 15;
2449 : 76;
244a : a8;
244b : b0;
244c : 54;
244d : 7c;
244e : 4d;
244f : be;
2450 : 4b;
2451 : f6;
2452 : ae;
2453 : 9d;
2454 : e2;
2455 : de;
2456 : fb;
2457 : 6a;
2458 : 38;
2459 : 42;
245a : 82;
245b : e5;
245c : 77;
245d : 29;
245e : 23;
245f : 97;
2460 : 42;
2461 : c2;
2462 : 34;
2463 : 35;
2464 : ab;
2465 : 27;
2466 : a2;
2467 : 02;
2468 : f1;
2469 : 36;
246a : 31;
246b : 2c;
246c : 78;
246d : e6;
246e : 7b;
246f : 89;
2470 : e1;
2471 : 98;
2472 : ab;
2473 : 83;
2474 : 01;
2475 : 1a;
2476 : 86;
2477 : 76;
2478 : 4a;
2479 : e6;
247a : 92;
247b : da;
247c : d5;
247d : 9e;
247e : 0e;
247f : ef;
2480 : 76;
2481 : d3;
2482 : 3c;
2483 : b2;
2484 : 25;
2485 : 64;
2486 : 46;
2487 : ea;
2488 : 1a;
2489 : 66;
248a : 6a;
248b : 54;
248c : 48;
248d : 8c;
248e : 99;
248f : 7c;
2490 : 79;
2491 : 49;
2492 : b5;
2493 : 59;
2494 : 5a;
2495 : 36;
2496 : 8a;
2497 : 18;
2498 : bc;
2499 : 84;
249a : 7f;
249b : 3c;
249c : fa;
249d : 74;
249e : ef;
249f : d0;
24a0 : db;
24a1 : 98;
24a2 : bd;
24a3 : cc;
24a4 : 47;
24a5 : 86;
24a6 : 7d;
24a7 : 23;
24a8 : a1;
24a9 : 5c;
24aa : 3a;
24ab : b2;
24ac : b6;
24ad : 6b;
24ae : 90;
24af : 34;
24b0 : a0;
24b1 : a2;
24b2 : ad;
24b3 : c5;
24b4 : b4;
24b5 : 33;
24b6 : d9;
24b7 : 39;
24b8 : 41;
24b9 : d9;
24ba : ce;
24bb : b8;
24bc : af;
24bd : 32;
24be : f6;
24bf : 2e;
24c0 : 1d;
24c1 : af;
24c2 : 0b;
24c3 : 95;
24c4 : 7b;
24c5 : 01;
24c6 : 00;
24c7 : e2;
24c8 : 7f;
24c9 : 1b;
24ca : e3;
24cb : af;
24cc : 18;
24cd : 51;
24ce : aa;
24cf : b6;
24d0 : 38;
24d1 : 5d;
24d2 : 37;
24d3 : ed;
24d4 : 65;
24d5 : 48;
24d6 : b2;
24d7 : 78;
24d8 : c0;
24d9 : 04;
24da : 89;
24db : 04;
24dc : d7;
24dd : 43;
24de : 60;
24df : 11;
24e0 : 2b;
24e1 : ac;
24e2 : a0;
24e3 : ce;
24e4 : 3a;
24e5 : da;
24e6 : 9b;
24e7 : 75;
24e8 : be;
24e9 : 9b;
24ea : 92;
24eb : 6a;
24ec : d4;
24ed : 4d;
24ee : b8;
24ef : 94;
24f0 : 74;
24f1 : 30;
24f2 : f8;
24f3 : 6b;
24f4 : 11;
24f5 : 75;
24f6 : d5;
24f7 : c5;
24f8 : 27;
24f9 : 3f;
24fa : f7;
24fb : 3f;
24fc : 81;
24fd : ff;
24fe : 43;
24ff : 2c;
2500 : b8;
2501 : 78;
2502 : 80;
2503 : c3;
2504 : ee;
2505 : e4;
2506 : eb;
2507 : b3;
2508 : 04;
2509 : 99;
250a : fe;
250b : 74;
250c : 65;
250d : bf;
250e : fa;
250f : ae;
2510 : 25;
2511 : dd;
2512 : 9c;
2513 : b6;
2514 : 8d;
2515 : 9f;
2516 : e4;
2517 : 68;
2518 : 73;
2519 : 80;
251a : b1;
251b : a5;
251c : 73;
251d : e1;
251e : 7e;
251f : bd;
2520 : 6c;
2521 : 3f;
2522 : 15;
2523 : 7c;
2524 : b8;
2525 : 58;
2526 : 1e;
2527 : 5d;
2528 : 52;
2529 : 03;
252a : 92;
252b : 6f;
252c : d6;
252d : 9a;
252e : e6;
252f : 13;
2530 : 72;
2531 : 86;
2532 : e0;
2533 : c9;
2534 : 4a;
2535 : cb;
2536 : dc;
2537 : 21;
2538 : 64;
2539 : be;
253a : b6;
253b : 9b;
253c : 3e;
253d : 92;
253e : 65;
253f : 65;
2540 : f5;
2541 : 2b;
2542 : 4f;
2543 : 3c;
2544 : 92;
2545 : 29;
2546 : c2;
2547 : 00;
2548 : 59;
2549 : a5;
254a : 3c;
254b : e2;
254c : 8f;
254d : ad;
254e : 1f;
254f : b2;
2550 : f9;
2551 : 42;
2552 : bd;
2553 : 41;
2554 : 1e;
2555 : 56;
2556 : 63;
2557 : 42;
2558 : 7b;
2559 : 32;
255a : c4;
255b : 88;
255c : 49;
255d : 60;
255e : 53;
255f : 21;
2560 : c2;
2561 : f0;
2562 : 7b;
2563 : f1;
2564 : 2f;
2565 : 33;
2566 : 71;
2567 : 6f;
2568 : 30;
2569 : a4;
256a : 4f;
256b : e5;
256c : 49;
256d : 79;
256e : cb;
256f : 82;
2570 : 3e;
2571 : 33;
2572 : 9d;
2573 : dd;
2574 : 5b;
2575 : ef;
2576 : c2;
2577 : ca;
2578 : 4c;
2579 : 93;
257a : 14;
257b : bf;
257c : 24;
257d : 4d;
257e : 32;
257f : 87;
2580 : fd;
2581 : 1a;
2582 : b9;
2583 : 3f;
2584 : c9;
2585 : b3;
2586 : ae;
2587 : 63;
2588 : 07;
2589 : fc;
258a : 7c;
258b : 15;
258c : 31;
258d : a2;
258e : 96;
258f : cd;
2590 : e7;
2591 : b8;
2592 : 47;
2593 : 5c;
2594 : 8d;
2595 : ee;
2596 : f5;
2597 : e0;
2598 : 38;
2599 : 7a;
259a : 68;
259b : f1;
259c : 92;
259d : e3;
259e : fd;
259f : 02;
25a0 : cf;
25a1 : e2;
25a2 : 50;
25a3 : c1;
25a4 : 0b;
25a5 : 20;
25a6 : 69;
25a7 : 2b;
25a8 : 10;
25a9 : 9c;
25aa : 2f;
25ab : b7;
25ac : 01;
25ad : 03;
25ae : 9b;
25af : c7;
25b0 : a7;
25b1 : 74;
25b2 : 56;
25b3 : 56;
25b4 : c1;
25b5 : b1;
25b6 : 3f;
25b7 : 34;
25b8 : 3d;
25b9 : f2;
25ba : 4f;
25bb : 6f;
25bc : 9c;
25bd : 0f;
25be : 27;
25bf : 4a;
25c0 : 17;
25c1 : 7f;
25c2 : 5d;
25c3 : f7;
25c4 : 46;
25c5 : 80;
25c6 : bc;
25c7 : 1e;
25c8 : 9f;
25c9 : d4;
25ca : c6;
25cb : 96;
25cc : f0;
25cd : 76;
25ce : 7a;
25cf : 17;
25d0 : be;
25d1 : c8;
25d2 : 66;
25d3 : e0;
25d4 : 61;
25d5 : 15;
25d6 : 35;
25d7 : 1d;
25d8 : e3;
25d9 : 0e;
25da : 53;
25db : 9e;
25dc : 67;
25dd : 93;
25de : a6;
25df : cb;
25e0 : 51;
25e1 : 0d;
25e2 : d0;
25e3 : 33;
25e4 : 36;
25e5 : e3;
25e6 : 7c;
25e7 : 99;
25e8 : ac;
25e9 : 71;
25ea : c9;
25eb : 7e;
25ec : 72;
25ed : 72;
25ee : a2;
25ef : b3;
25f0 : 31;
25f1 : 91;
25f2 : dd;
25f3 : 05;
25f4 : 76;
25f5 : 76;
25f6 : 98;
25f7 : 72;
25f8 : ad;
25f9 : 19;
25fa : 00;
25fb : 63;
25fc : 88;
25fd : 45;
25fe : f4;
25ff : 9b;
2600 : 12;
2601 : fe;
2602 : 53;
2603 : 11;
2604 : 56;
2605 : a8;
2606 : 6e;
2607 : db;
2608 : 7e;
2609 : 67;
260a : 05;
260b : fc;
260c : ef;
260d : 2f;
260e : d8;
260f : 58;
2610 : f8;
2611 : 59;
2612 : 6f;
2613 : ba;
2614 : 08;
2615 : a0;
2616 : fc;
2617 : 16;
2618 : 30;
2619 : cf;
261a : 94;
261b : 26;
261c : d7;
261d : 9f;
261e : d2;
261f : 14;
2620 : 6c;
2621 : 62;
2622 : d5;
2623 : 86;
2624 : 16;
2625 : ee;
2626 : 8f;
2627 : c5;
2628 : b2;
2629 : 64;
262a : 3c;
262b : 0a;
262c : 92;
262d : 5d;
262e : ad;
262f : 2d;
2630 : a3;
2631 : ef;
2632 : 54;
2633 : 08;
2634 : 3d;
2635 : b8;
2636 : 67;
2637 : eb;
2638 : 28;
2639 : c4;
263a : 93;
263b : ca;
263c : 50;
263d : 71;
263e : ce;
263f : 91;
2640 : 0c;
2641 : 90;
2642 : c4;
2643 : 86;
2644 : ef;
2645 : be;
2646 : 77;
2647 : 56;
2648 : a4;
2649 : b3;
264a : d6;
264b : 71;
264c : 21;
264d : 86;
264e : 76;
264f : 89;
2650 : 75;
2651 : 59;
2652 : 7d;
2653 : 56;
2654 : a8;
2655 : d0;
2656 : be;
2657 : f0;
2658 : 16;
2659 : 23;
265a : 37;
265b : b0;
265c : 0f;
265d : 19;
265e : 49;
265f : 78;
2660 : d1;
2661 : bf;
2662 : ac;
2663 : 6b;
2664 : 62;
2665 : 4c;
2666 : a7;
2667 : 70;
2668 : 34;
2669 : fb;
266a : 94;
266b : fd;
266c : 15;
266d : 13;
266e : 9b;
266f : e7;
2670 : 5d;
2671 : 75;
2672 : f9;
2673 : f9;
2674 : e3;
2675 : 22;
2676 : 56;
2677 : 93;
2678 : d4;
2679 : 81;
267a : 59;
267b : 41;
267c : 6a;
267d : 42;
267e : d0;
267f : 12;
2680 : 90;
2681 : 47;
2682 : 26;
2683 : d9;
2684 : bf;
2685 : 7b;
2686 : 19;
2687 : aa;
2688 : ff;
2689 : c7;
268a : 8e;
268b : ec;
268c : 52;
268d : 73;
268e : 5a;
268f : 1c;
2690 : 62;
2691 : 49;
2692 : f3;
2693 : 2d;
2694 : 3a;
2695 : 9d;
2696 : 8a;
2697 : c9;
2698 : be;
2699 : 59;
269a : 36;
269b : 18;
269c : be;
269d : ca;
269e : b5;
269f : 7c;
26a0 : 06;
26a1 : aa;
26a2 : 8d;
26a3 : e4;
26a4 : 99;
26a5 : 59;
26a6 : e4;
26a7 : 88;
26a8 : 8f;
26a9 : 00;
26aa : 5b;
26ab : 0e;
26ac : 35;
26ad : 93;
26ae : 14;
26af : 11;
26b0 : e9;
26b1 : c7;
26b2 : b8;
26b3 : e2;
26b4 : 55;
26b5 : 70;
26b6 : 4b;
26b7 : 78;
26b8 : a6;
26b9 : 2f;
26ba : f7;
26bb : 1d;
26bc : 3a;
26bd : 24;
26be : cb;
26bf : d8;
26c0 : 58;
26c1 : 7a;
26c2 : ef;
26c3 : be;
26c4 : 5f;
26c5 : 82;
26c6 : f3;
26c7 : 3f;
26c8 : a0;
26c9 : 4c;
26ca : ee;
26cb : 1c;
26cc : 4e;
26cd : 82;
26ce : 7f;
26cf : 46;
26d0 : 75;
26d1 : 76;
26d2 : e7;
26d3 : d6;
26d4 : 36;
26d5 : a8;
26d6 : 96;
26d7 : 8b;
26d8 : 84;
26d9 : 7c;
26da : 2d;
26db : 9d;
26dc : 6b;
26dd : bd;
26de : c6;
26df : ea;
26e0 : 5e;
26e1 : 16;
26e2 : 62;
26e3 : 4c;
26e4 : 50;
26e5 : 50;
26e6 : 6a;
26e7 : d5;
26e8 : 4a;
26e9 : 45;
26ea : 72;
26eb : 91;
26ec : 0c;
26ed : f5;
26ee : 99;
26ef : 32;
26f0 : e7;
26f1 : e3;
26f2 : fb;
26f3 : 0b;
26f4 : a4;
26f5 : 73;
26f6 : 38;
26f7 : de;
26f8 : 52;
26f9 : 61;
26fa : 28;
26fb : b6;
26fc : 6d;
26fd : 5d;
26fe : f1;
26ff : f3;
2700 : 2b;
2701 : 14;
2702 : d1;
2703 : 36;
2704 : b3;
2705 : 70;
2706 : e0;
2707 : e3;
2708 : b0;
2709 : 5b;
270a : ca;
270b : 4c;
270c : d1;
270d : 2f;
270e : 96;
270f : ae;
2710 : 96;
2711 : ba;
2712 : 3f;
2713 : 3c;
2714 : 01;
2715 : 72;
2716 : a7;
2717 : 86;
2718 : 8e;
2719 : 08;
271a : 02;
271b : e1;
271c : 4d;
271d : b5;
271e : ae;
271f : 4c;
2720 : 9d;
2721 : ec;
2722 : 3b;
2723 : 69;
2724 : 02;
2725 : e8;
2726 : 70;
2727 : 04;
2728 : 0f;
2729 : bb;
272a : c7;
272b : ba;
272c : 26;
272d : 09;
272e : 7f;
272f : ef;
2730 : 42;
2731 : d6;
2732 : e0;
2733 : 46;
2734 : 70;
2735 : 75;
2736 : 02;
2737 : 51;
2738 : 20;
2739 : bd;
273a : 9b;
273b : c6;
273c : e6;
273d : 34;
273e : 0c;
273f : 4a;
2740 : e4;
2741 : 5d;
2742 : 89;
2743 : a7;
2744 : 96;
2745 : fc;
2746 : f1;
2747 : b9;
2748 : 08;
2749 : b4;
274a : 4e;
274b : db;
274c : ae;
274d : d7;
274e : 7e;
274f : c0;
2750 : 57;
2751 : c0;
2752 : cb;
2753 : 19;
2754 : 97;
2755 : 00;
2756 : 08;
2757 : a4;
2758 : 74;
2759 : 7b;
275a : 3b;
275b : e9;
275c : df;
275d : 81;
275e : 22;
275f : 0f;
2760 : 17;
2761 : e2;
2762 : 1a;
2763 : 7f;
2764 : 21;
2765 : cb;
2766 : 43;
2767 : 07;
2768 : b8;
2769 : e8;
276a : 56;
276b : 95;
276c : 03;
276d : e7;
276e : f1;
276f : 51;
2770 : 65;
2771 : dc;
2772 : a5;
2773 : 39;
2774 : d2;
2775 : 3a;
2776 : aa;
2777 : 8f;
2778 : c2;
2779 : 48;
277a : ac;
277b : f6;
277c : 4f;
277d : e9;
277e : 95;
277f : f4;
2780 : 85;
2781 : 29;
2782 : 36;
2783 : 10;
2784 : e7;
2785 : 66;
2786 : 1c;
2787 : a9;
2788 : a1;
2789 : 18;
278a : 17;
278b : aa;
278c : d9;
278d : 3a;
278e : a0;
278f : 81;
2790 : 11;
2791 : 3d;
2792 : c3;
2793 : c4;
2794 : fa;
2795 : 12;
2796 : b6;
2797 : b1;
2798 : 12;
2799 : f1;
279a : 8e;
279b : 6d;
279c : b4;
279d : 76;
279e : 18;
279f : 79;
27a0 : 3d;
27a1 : df;
27a2 : 9c;
27a3 : 4e;
27a4 : 43;
27a5 : 59;
27a6 : 7c;
27a7 : 61;
27a8 : 94;
27a9 : 19;
27aa : a2;
27ab : 56;
27ac : 20;
27ad : 86;
27ae : c5;
27af : c6;
27b0 : 06;
27b1 : 8b;
27b2 : fc;
27b3 : 20;
27b4 : ed;
27b5 : 04;
27b6 : 5f;
27b7 : 2a;
27b8 : 8f;
27b9 : 92;
27ba : c6;
27bb : 7b;
27bc : c5;
27bd : e9;
27be : 03;
27bf : 02;
27c0 : 7b;
27c1 : 21;
27c2 : c1;
27c3 : 16;
27c4 : a5;
27c5 : d6;
27c6 : 59;
27c7 : e9;
27c8 : 2f;
27c9 : 31;
27ca : 82;
27cb : 22;
27cc : ce;
27cd : ca;
27ce : 97;
27cf : 47;
27d0 : 8f;
27d1 : 25;
27d2 : e1;
27d3 : af;
27d4 : a0;
27d5 : b8;
27d6 : 49;
27d7 : f7;
27d8 : c3;
27d9 : 73;
27da : 1b;
27db : 74;
27dc : 97;
27dd : e6;
27de : b4;
27df : f4;
27e0 : 5b;
27e1 : c5;
27e2 : 1c;
27e3 : 22;
27e4 : f9;
27e5 : 1a;
27e6 : b8;
27e7 : f2;
27e8 : e6;
27e9 : 43;
27ea : 98;
27eb : 45;
27ec : df;
27ed : ce;
27ee : d9;
27ef : 2c;
27f0 : 9d;
27f1 : 28;
27f2 : 09;
27f3 : a2;
27f4 : ee;
27f5 : 1a;
27f6 : 18;
27f7 : 64;
27f8 : 9e;
27f9 : 40;
27fa : 84;
27fb : b4;
27fc : 8a;
27fd : 22;
27fe : 18;
27ff : 9e;
2800 : 39;
2801 : 55;
2802 : 75;
2803 : c9;
2804 : 12;
2805 : 2f;
2806 : 4a;
2807 : 6e;
2808 : 21;
2809 : 7d;
280a : 94;
280b : 09;
280c : 8b;
280d : 5e;
280e : 7a;
280f : 94;
2810 : d9;
2811 : b0;
2812 : 85;
2813 : ad;
2814 : 40;
2815 : 85;
2816 : d6;
2817 : 72;
2818 : 96;
2819 : 15;
281a : 39;
281b : 1b;
281c : 02;
281d : 1d;
281e : d4;
281f : 1a;
2820 : 33;
2821 : f6;
2822 : 57;
2823 : a1;
2824 : 7f;
2825 : 7a;
2826 : b1;
2827 : e7;
2828 : c5;
2829 : ad;
282a : b8;
282b : 28;
282c : cc;
282d : 82;
282e : 20;
282f : 77;
2830 : 05;
2831 : e1;
2832 : 49;
2833 : 8e;
2834 : 37;
2835 : 13;
2836 : 08;
2837 : 9d;
2838 : f6;
2839 : 7b;
283a : 6e;
283b : d9;
283c : c6;
283d : a0;
283e : 17;
283f : 93;
2840 : 0f;
2841 : 47;
2842 : 49;
2843 : 12;
2844 : 47;
2845 : 3b;
2846 : 73;
2847 : 49;
2848 : 1d;
2849 : 37;
284a : e2;
284b : f8;
284c : 31;
284d : 05;
284e : 72;
284f : 2b;
2850 : d7;
2851 : 81;
2852 : 4e;
2853 : 0e;
2854 : d6;
2855 : 20;
2856 : fe;
2857 : 6d;
2858 : fc;
2859 : 82;
285a : 3b;
285b : 3f;
285c : 6b;
285d : 3e;
285e : e5;
285f : ea;
2860 : 37;
2861 : f2;
2862 : f3;
2863 : e8;
2864 : be;
2865 : b0;
2866 : 77;
2867 : 1a;
2868 : 10;
2869 : 5a;
286a : b2;
286b : 1d;
286c : c2;
286d : 0e;
286e : 4e;
286f : 99;
2870 : ec;
2871 : 5d;
2872 : 90;
2873 : 70;
2874 : 52;
2875 : 1a;
2876 : 69;
2877 : ab;
2878 : f6;
2879 : a4;
287a : 95;
287b : b9;
287c : 09;
287d : 44;
287e : ac;
287f : de;
2880 : 4c;
2881 : c4;
2882 : 3f;
2883 : 52;
2884 : eb;
2885 : 30;
2886 : 0a;
2887 : e3;
2888 : ac;
2889 : 0b;
288a : 3a;
288b : 95;
288c : 0f;
288d : 9f;
288e : df;
288f : 77;
2890 : c4;
2891 : 6a;
2892 : 7e;
2893 : dd;
2894 : b8;
2895 : 06;
2896 : 50;
2897 : 94;
2898 : 58;
2899 : 6c;
289a : 74;
289b : 8b;
289c : 36;
289d : 53;
289e : 45;
289f : ba;
28a0 : c7;
28a1 : 95;
28a2 : 8e;
28a3 : a0;
28a4 : b5;
28a5 : 55;
28a6 : 29;
28a7 : a2;
28a8 : bd;
28a9 : e6;
28aa : ae;
28ab : 34;
28ac : e1;
28ad : 63;
28ae : 0c;
28af : 1c;
28b0 : c2;
28b1 : 3e;
28b2 : 09;
28b3 : 64;
28b4 : 3d;
28b5 : ff;
28b6 : fb;
28b7 : 0f;
28b8 : 4a;
28b9 : 80;
28ba : e0;
28bb : 9a;
28bc : ab;
28bd : 1f;
28be : e1;
28bf : b4;
28c0 : 3e;
28c1 : f2;
28c2 : b5;
28c3 : 32;
28c4 : 68;
28c5 : 9b;
28c6 : db;
28c7 : 36;
28c8 : 4a;
28c9 : 21;
28ca : 7a;
28cb : 17;
28cc : 2a;
28cd : 50;
28ce : af;
28cf : 85;
28d0 : c5;
28d1 : 16;
28d2 : f2;
28d3 : 72;
28d4 : 53;
28d5 : f7;
28d6 : 83;
28d7 : d9;
28d8 : 91;
28d9 : c6;
28da : 1e;
28db : b1;
28dc : 96;
28dd : 56;
28de : 6c;
28df : 23;
28e0 : 09;
28e1 : 34;
28e2 : 9a;
28e3 : c4;
28e4 : 66;
28e5 : 0d;
28e6 : 19;
28e7 : f9;
28e8 : a5;
28e9 : aa;
28ea : d1;
28eb : 07;
28ec : 3e;
28ed : 1c;
28ee : 98;
28ef : 29;
28f0 : 18;
28f1 : a8;
28f2 : 88;
28f3 : 0f;
28f4 : 62;
28f5 : 59;
28f6 : 63;
28f7 : f8;
28f8 : c1;
28f9 : 9f;
28fa : 4a;
28fb : 43;
28fc : 7b;
28fd : d8;
28fe : 6c;
28ff : 7b;
2900 : ae;
2901 : 16;
2902 : 82;
2903 : c1;
2904 : 25;
2905 : 83;
2906 : 3a;
2907 : fd;
2908 : 0f;
2909 : ff;
290a : aa;
290b : ae;
290c : 9a;
290d : fc;
290e : ec;
290f : cc;
2910 : e4;
2911 : 49;
2912 : 6c;
2913 : 31;
2914 : b9;
2915 : 6f;
2916 : 10;
2917 : d9;
2918 : 84;
2919 : a7;
291a : 41;
291b : 9f;
291c : f7;
291d : 7f;
291e : c9;
291f : 8a;
2920 : 46;
2921 : 78;
2922 : f4;
2923 : 83;
2924 : 30;
2925 : aa;
2926 : 89;
2927 : 1e;
2928 : 09;
2929 : 5b;
292a : 1f;
292b : 08;
292c : af;
292d : 71;
292e : 8e;
292f : 34;
2930 : 25;
2931 : 32;
2932 : bf;
2933 : 58;
2934 : 91;
2935 : dd;
2936 : 6f;
2937 : 93;
2938 : 4a;
2939 : 5d;
293a : b8;
293b : 8c;
293c : 06;
293d : da;
293e : e8;
293f : cf;
2940 : 1e;
2941 : 15;
2942 : e9;
2943 : e8;
2944 : ba;
2945 : 6f;
2946 : 73;
2947 : 98;
2948 : 1e;
2949 : 30;
294a : 5b;
294b : 1d;
294c : ea;
294d : 97;
294e : 6e;
294f : 65;
2950 : 4f;
2951 : 22;
2952 : 10;
2953 : cd;
2954 : 14;
2955 : 30;
2956 : f0;
2957 : 0d;
2958 : 32;
2959 : 26;
295a : 20;
295b : 63;
295c : 9d;
295d : 43;
295e : 52;
295f : 2c;
2960 : 6c;
2961 : 53;
2962 : f5;
2963 : de;
2964 : b6;
2965 : 16;
2966 : 62;
2967 : ca;
2968 : e8;
2969 : 2a;
296a : 48;
296b : 24;
296c : 3a;
296d : 21;
296e : a0;
296f : a1;
2970 : ec;
2971 : 3b;
2972 : 86;
2973 : a7;
2974 : 5b;
2975 : cc;
2976 : c0;
2977 : 57;
2978 : 63;
2979 : 36;
297a : 96;
297b : 13;
297c : 8c;
297d : 2d;
297e : 15;
297f : 1e;
2980 : 78;
2981 : 8d;
2982 : 52;
2983 : 8c;
2984 : fc;
2985 : 75;
2986 : 50;
2987 : 8f;
2988 : 9d;
2989 : a5;
298a : c6;
298b : d7;
298c : da;
298d : 71;
298e : a8;
298f : b3;
2990 : 00;
2991 : 97;
2992 : 09;
2993 : 7c;
2994 : 91;
2995 : 94;
2996 : b1;
2997 : 18;
2998 : e0;
2999 : a8;
299a : 59;
299b : 4e;
299c : 68;
299d : ca;
299e : c0;
299f : 07;
29a0 : 31;
29a1 : 9e;
29a2 : 64;
29a3 : a1;
29a4 : 4b;
29a5 : 26;
29a6 : fb;
29a7 : aa;
29a8 : bd;
29a9 : 9a;
29aa : 8d;
29ab : 4f;
29ac : 20;
29ad : 7a;
29ae : 5c;
29af : 21;
29b0 : 78;
29b1 : 3b;
29b2 : 0e;
29b3 : dc;
29b4 : 45;
29b5 : 57;
29b6 : 0a;
29b7 : 9e;
29b8 : 4d;
29b9 : 6b;
29ba : 48;
29bb : 9d;
29bc : ab;
29bd : 68;
29be : e9;
29bf : af;
29c0 : 7e;
29c1 : 91;
29c2 : 94;
29c3 : d3;
29c4 : 83;
29c5 : 9e;
29c6 : 8b;
29c7 : d8;
29c8 : 81;
29c9 : 50;
29ca : 21;
29cb : 5e;
29cc : a2;
29cd : 70;
29ce : d8;
29cf : 7d;
29d0 : d0;
29d1 : a0;
29d2 : 7f;
29d3 : d1;
29d4 : 42;
29d5 : a8;
29d6 : 92;
29d7 : 29;
29d8 : b3;
29d9 : f4;
29da : d8;
29db : 13;
29dc : 11;
29dd : a5;
29de : 66;
29df : e8;
29e0 : fc;
29e1 : f7;
29e2 : 91;
29e3 : 51;
29e4 : db;
29e5 : 0d;
29e6 : 36;
29e7 : fc;
29e8 : dc;
29e9 : 57;
29ea : d6;
29eb : 5f;
29ec : c5;
29ed : f1;
29ee : 71;
29ef : d5;
29f0 : 36;
29f1 : 8e;
29f2 : d7;
29f3 : c0;
29f4 : e6;
29f5 : aa;
29f6 : 95;
29f7 : a9;
29f8 : 10;
29f9 : 3a;
29fa : 24;
29fb : 86;
29fc : 39;
29fd : 50;
29fe : 60;
29ff : ea;
2a00 : a2;
2a01 : 67;
2a02 : 2c;
2a03 : 1e;
2a04 : 07;
2a05 : ec;
2a06 : 11;
2a07 : a4;
2a08 : ab;
2a09 : 92;
2a0a : 24;
2a0b : 11;
2a0c : 91;
2a0d : e1;
2a0e : c7;
2a0f : fb;
2a10 : 57;
2a11 : 86;
2a12 : e5;
2a13 : 1e;
2a14 : 7a;
2a15 : a6;
2a16 : 6c;
2a17 : 9d;
2a18 : 5d;
2a19 : d0;
2a1a : c2;
2a1b : 28;
2a1c : 45;
2a1d : a6;
2a1e : aa;
2a1f : 51;
2a20 : 3e;
2a21 : 52;
2a22 : ea;
2a23 : 6f;
2a24 : 93;
2a25 : 07;
2a26 : 04;
2a27 : 18;
2a28 : 80;
2a29 : 67;
2a2a : 1a;
2a2b : 8b;
2a2c : 12;
2a2d : 02;
2a2e : 27;
2a2f : 90;
2a30 : b8;
2a31 : 87;
2a32 : db;
2a33 : fa;
2a34 : ed;
2a35 : fe;
2a36 : 75;
2a37 : 82;
2a38 : 17;
2a39 : f8;
2a3a : e5;
2a3b : f2;
2a3c : c6;
2a3d : 77;
2a3e : 80;
2a3f : eb;
2a40 : 96;
2a41 : 2a;
2a42 : e4;
2a43 : 3a;
2a44 : ce;
2a45 : 91;
2a46 : 35;
2a47 : 1c;
2a48 : 97;
2a49 : 97;
2a4a : a7;
2a4b : fd;
2a4c : 72;
2a4d : d7;
2a4e : 52;
2a4f : ec;
2a50 : 5a;
2a51 : 36;
2a52 : 91;
2a53 : 66;
2a54 : ad;
2a55 : 90;
2a56 : f9;
2a57 : b6;
2a58 : 9c;
2a59 : 61;
2a5a : 9b;
2a5b : 51;
2a5c : 75;
2a5d : 80;
2a5e : 4a;
2a5f : 27;
2a60 : a8;
2a61 : f7;
2a62 : 14;
2a63 : a2;
2a64 : e0;
2a65 : 99;
2a66 : 6e;
2a67 : 66;
2a68 : 40;
2a69 : 4b;
2a6a : a4;
2a6b : 3d;
2a6c : 27;
2a6d : 1f;
2a6e : de;
2a6f : 28;
2a70 : 2c;
2a71 : 26;
2a72 : 08;
2a73 : a5;
2a74 : f1;
2a75 : 2d;
2a76 : 80;
2a77 : 80;
2a78 : 1c;
2a79 : 21;
2a7a : 1a;
2a7b : 79;
2a7c : 24;
2a7d : ab;
2a7e : c3;
2a7f : 15;
2a80 : c0;
2a81 : 83;
2a82 : 34;
2a83 : 55;
2a84 : 78;
2a85 : 7c;
2a86 : 73;
2a87 : 7b;
2a88 : 8d;
2a89 : b4;
2a8a : d8;
2a8b : bb;
2a8c : d0;
2a8d : 16;
2a8e : f9;
2a8f : fa;
2a90 : 40;
2a91 : 01;
2a92 : 5d;
2a93 : df;
2a94 : 18;
2a95 : 03;
2a96 : 17;
2a97 : 88;
2a98 : c2;
2a99 : c2;
2a9a : 78;
2a9b : 9c;
2a9c : 45;
2a9d : cd;
2a9e : 71;
2a9f : 05;
2aa0 : 49;
2aa1 : ef;
2aa2 : 38;
2aa3 : 1f;
2aa4 : 61;
2aa5 : 14;
2aa6 : a9;
2aa7 : 42;
2aa8 : 24;
2aa9 : 5e;
2aaa : d3;
2aab : 29;
2aac : 7a;
2aad : 8f;
2aae : 04;
2aaf : 4b;
2ab0 : e1;
2ab1 : 1c;
2ab2 : 04;
2ab3 : 2c;
2ab4 : 57;
2ab5 : 28;
2ab6 : e4;
2ab7 : 67;
2ab8 : 8a;
2ab9 : 09;
2aba : de;
2abb : 74;
2abc : 81;
2abd : 7e;
2abe : 97;
2abf : 56;
2ac0 : ba;
2ac1 : ea;
2ac2 : b8;
2ac3 : c9;
2ac4 : 39;
2ac5 : 3f;
2ac6 : ec;
2ac7 : 3b;
2ac8 : 68;
2ac9 : d9;
2aca : ab;
2acb : e3;
2acc : b9;
2acd : f2;
2ace : 58;
2acf : 4e;
2ad0 : 3a;
2ad1 : 72;
2ad2 : 11;
2ad3 : 60;
2ad4 : dc;
2ad5 : a4;
2ad6 : 65;
2ad7 : 93;
2ad8 : 8d;
2ad9 : 85;
2ada : 52;
2adb : e5;
2adc : eb;
2add : 44;
2ade : 39;
2adf : b6;
2ae0 : 8a;
2ae1 : fd;
2ae2 : f4;
2ae3 : 7a;
2ae4 : 40;
2ae5 : 28;
2ae6 : 93;
2ae7 : 5e;
2ae8 : 8f;
2ae9 : 01;
2aea : 0d;
2aeb : 99;
2aec : a5;
2aed : ae;
2aee : 93;
2aef : 85;
2af0 : 97;
2af1 : 5f;
2af2 : 8d;
2af3 : 19;
2af4 : e2;
2af5 : c3;
2af6 : 5b;
2af7 : 0b;
2af8 : 12;
2af9 : 0c;
2afa : 4b;
2afb : b5;
2afc : b6;
2afd : c0;
2afe : 04;
2aff : 46;
2b00 : b0;
2b01 : 82;
2b02 : e1;
2b03 : 29;
2b04 : 22;
2b05 : ca;
2b06 : 6d;
2b07 : fe;
2b08 : c9;
2b09 : f4;
2b0a : 53;
2b0b : 74;
2b0c : 03;
2b0d : 85;
2b0e : 3f;
2b0f : ac;
2b10 : 82;
2b11 : aa;
2b12 : 8d;
2b13 : f6;
2b14 : d5;
2b15 : e8;
2b16 : 6d;
2b17 : d7;
2b18 : e8;
2b19 : 80;
2b1a : 91;
2b1b : 00;
2b1c : 0b;
2b1d : 2f;
2b1e : d8;
2b1f : 83;
2b20 : 60;
2b21 : 3e;
2b22 : bf;
2b23 : 38;
2b24 : dc;
2b25 : 7f;
2b26 : b4;
2b27 : 7a;
2b28 : bb;
2b29 : a6;
2b2a : d0;
2b2b : ab;
2b2c : 34;
2b2d : 27;
2b2e : 52;
2b2f : d5;
2b30 : a9;
2b31 : c0;
2b32 : a9;
2b33 : 60;
2b34 : ec;
2b35 : 73;
2b36 : 59;
2b37 : 65;
2b38 : 6f;
2b39 : d8;
2b3a : 69;
2b3b : 81;
2b3c : fa;
2b3d : d5;
2b3e : c5;
2b3f : f6;
2b40 : e3;
2b41 : 9f;
2b42 : 4f;
2b43 : d1;
2b44 : f9;
2b45 : 71;
2b46 : 01;
2b47 : 2b;
2b48 : 6d;
2b49 : 71;
2b4a : 89;
2b4b : 95;
2b4c : 2b;
2b4d : bd;
2b4e : 5c;
2b4f : 62;
2b50 : a7;
2b51 : 89;
2b52 : 6c;
2b53 : 55;
2b54 : 32;
2b55 : c6;
2b56 : 31;
2b57 : 02;
2b58 : 0e;
2b59 : 11;
2b5a : be;
2b5b : ee;
2b5c : c8;
2b5d : 65;
2b5e : b7;
2b5f : 6f;
2b60 : 74;
2b61 : ab;
2b62 : 39;
2b63 : 51;
2b64 : 8f;
2b65 : e4;
2b66 : 03;
2b67 : 55;
2b68 : 5d;
2b69 : d7;
2b6a : 9d;
2b6b : 9f;
2b6c : bc;
2b6d : d1;
2b6e : 7f;
2b6f : 6c;
2b70 : 2f;
2b71 : a7;
2b72 : 9c;
2b73 : 91;
2b74 : 11;
2b75 : 2c;
2b76 : 64;
2b77 : 13;
2b78 : c9;
2b79 : 91;
2b7a : 85;
2b7b : f5;
2b7c : e4;
2b7d : b7;
2b7e : dc;
2b7f : f7;
2b80 : 39;
2b81 : 4d;
2b82 : eb;
2b83 : 1a;
2b84 : f9;
2b85 : aa;
2b86 : 8f;
2b87 : 11;
2b88 : 5f;
2b89 : 0c;
2b8a : cc;
2b8b : 0b;
2b8c : 8b;
2b8d : 7c;
2b8e : 5c;
2b8f : 7c;
2b90 : de;
2b91 : 75;
2b92 : 79;
2b93 : b5;
2b94 : cc;
2b95 : 86;
2b96 : 26;
2b97 : ae;
2b98 : e8;
2b99 : 0f;
2b9a : 3b;
2b9b : 12;
2b9c : 12;
2b9d : 55;
2b9e : ed;
2b9f : 48;
2ba0 : b5;
2ba1 : 14;
2ba2 : 67;
2ba3 : db;
2ba4 : 7b;
2ba5 : 9b;
2ba6 : 39;
2ba7 : 83;
2ba8 : 68;
2ba9 : c4;
2baa : e7;
2bab : 09;
2bac : b9;
2bad : 27;
2bae : 1f;
2baf : c7;
2bb0 : 54;
2bb1 : 59;
2bb2 : f8;
2bb3 : 46;
2bb4 : 77;
2bb5 : 1e;
2bb6 : 32;
2bb7 : 5f;
2bb8 : 4d;
2bb9 : 34;
2bba : ac;
2bbb : 72;
2bbc : 7c;
2bbd : 4d;
2bbe : 25;
2bbf : d2;
2bc0 : 10;
2bc1 : 6e;
2bc2 : 19;
2bc3 : b8;
2bc4 : 6f;
2bc5 : 04;
2bc6 : 56;
2bc7 : 36;
2bc8 : e6;
2bc9 : 46;
2bca : 77;
2bcb : ea;
2bcc : c4;
2bcd : f9;
2bce : 7e;
2bcf : 83;
2bd0 : 71;
2bd1 : 68;
2bd2 : bb;
2bd3 : 71;
2bd4 : 7e;
2bd5 : fe;
2bd6 : fc;
2bd7 : 0a;
2bd8 : e3;
2bd9 : 24;
2bda : e6;
2bdb : cd;
2bdc : f2;
2bdd : 8d;
2bde : 21;
2bdf : c7;
2be0 : 69;
2be1 : cc;
2be2 : 7c;
2be3 : 1a;
2be4 : 55;
2be5 : 22;
2be6 : 66;
2be7 : 71;
2be8 : 7c;
2be9 : f9;
2bea : c8;
2beb : 1b;
2bec : ea;
2bed : 9a;
2bee : e4;
2bef : e7;
2bf0 : 68;
2bf1 : 3d;
2bf2 : 04;
2bf3 : 2c;
2bf4 : d2;
2bf5 : 76;
2bf6 : e0;
2bf7 : df;
2bf8 : ce;
2bf9 : 58;
2bfa : eb;
2bfb : f0;
2bfc : 5d;
2bfd : 55;
2bfe : 90;
2bff : 29;
2c00 : b6;
2c01 : ac;
2c02 : 15;
2c03 : 7c;
2c04 : b7;
2c05 : 05;
2c06 : 78;
2c07 : e9;
2c08 : 0c;
2c09 : 19;
2c0a : 54;
2c0b : 07;
2c0c : eb;
2c0d : 86;
2c0e : 27;
2c0f : 4e;
2c10 : a4;
2c11 : c3;
2c12 : 68;
2c13 : 64;
2c14 : 82;
2c15 : 9f;
2c16 : ae;
2c17 : 32;
2c18 : 1b;
2c19 : 79;
2c1a : de;
2c1b : ed;
2c1c : 9e;
2c1d : 17;
2c1e : cf;
2c1f : 49;
2c20 : d6;
2c21 : 48;
2c22 : 24;
2c23 : 87;
2c24 : fd;
2c25 : 74;
2c26 : 61;
2c27 : 1d;
2c28 : c2;
2c29 : a9;
2c2a : 89;
2c2b : c6;
2c2c : 1a;
2c2d : 16;
2c2e : 41;
2c2f : 01;
2c30 : 92;
2c31 : 41;
2c32 : 35;
2c33 : 19;
2c34 : 91;
2c35 : 21;
2c36 : b4;
2c37 : 2b;
2c38 : 5f;
2c39 : 8a;
2c3a : 8b;
2c3b : 23;
2c3c : 79;
2c3d : 35;
2c3e : f1;
2c3f : cc;
2c40 : d3;
2c41 : e0;
2c42 : 4e;
2c43 : 15;
2c44 : 15;
2c45 : 6b;
2c46 : e6;
2c47 : 0d;
2c48 : 9f;
2c49 : bc;
2c4a : 5b;
2c4b : a3;
2c4c : 95;
2c4d : f6;
2c4e : 49;
2c4f : a2;
2c50 : 86;
2c51 : 86;
2c52 : 32;
2c53 : e8;
2c54 : 38;
2c55 : be;
2c56 : 6b;
2c57 : 95;
2c58 : dd;
2c59 : 50;
2c5a : b2;
2c5b : 5a;
2c5c : c0;
2c5d : 61;
2c5e : f1;
2c5f : 57;
2c60 : b8;
2c61 : d5;
2c62 : 64;
2c63 : 07;
2c64 : b6;
2c65 : 58;
2c66 : 19;
2c67 : 36;
2c68 : 84;
2c69 : 15;
2c6a : 20;
2c6b : f2;
2c6c : 7e;
2c6d : 30;
2c6e : 6a;
2c6f : 30;
2c70 : d8;
2c71 : ac;
2c72 : 21;
2c73 : 74;
2c74 : 54;
2c75 : 9b;
2c76 : 20;
2c77 : af;
2c78 : 42;
2c79 : 65;
2c7a : cb;
2c7b : f3;
2c7c : 57;
2c7d : 0e;
2c7e : 4a;
2c7f : 9c;
2c80 : 2c;
2c81 : b6;
2c82 : 3f;
2c83 : a3;
2c84 : 83;
2c85 : ad;
2c86 : 90;
2c87 : 3f;
2c88 : 1c;
2c89 : dc;
2c8a : d0;
2c8b : 04;
2c8c : d2;
2c8d : b4;
2c8e : 45;
2c8f : 51;
2c90 : 77;
2c91 : a4;
2c92 : 21;
2c93 : 8b;
2c94 : 09;
2c95 : 9e;
2c96 : 84;
2c97 : 68;
2c98 : b1;
2c99 : 72;
2c9a : a7;
2c9b : 72;
2c9c : 4f;
2c9d : de;
2c9e : 1e;
2c9f : 95;
2ca0 : 94;
2ca1 : 87;
2ca2 : 80;
2ca3 : b3;
2ca4 : 36;
2ca5 : 26;
2ca6 : e6;
2ca7 : 8f;
2ca8 : f7;
2ca9 : be;
2caa : fa;
2cab : 7e;
2cac : f5;
2cad : 85;
2cae : e4;
2caf : 09;
2cb0 : 93;
2cb1 : df;
2cb2 : 5b;
2cb3 : bc;
2cb4 : 07;
2cb5 : b9;
2cb6 : 99;
2cb7 : c7;
2cb8 : 9d;
2cb9 : 0c;
2cba : 51;
2cbb : 34;
2cbc : 3c;
2cbd : b6;
2cbe : 14;
2cbf : 39;
2cc0 : 0d;
2cc1 : 7a;
2cc2 : df;
2cc3 : e6;
2cc4 : e1;
2cc5 : 1d;
2cc6 : 84;
2cc7 : 67;
2cc8 : 4e;
2cc9 : 4f;
2cca : 41;
2ccb : 7f;
2ccc : 80;
2ccd : f5;
2cce : bf;
2ccf : ec;
2cd0 : 29;
2cd1 : 84;
2cd2 : 34;
2cd3 : 22;
2cd4 : 75;
2cd5 : e8;
2cd6 : 93;
2cd7 : a7;
2cd8 : 05;
2cd9 : 9e;
2cda : d7;
2cdb : 71;
2cdc : 5e;
2cdd : b2;
2cde : 80;
2cdf : a7;
2ce0 : 03;
2ce1 : d2;
2ce2 : 50;
2ce3 : 00;
2ce4 : 94;
2ce5 : c8;
2ce6 : cb;
2ce7 : e6;
2ce8 : 27;
2ce9 : 2b;
2cea : 56;
2ceb : 77;
2cec : 34;
2ced : 5a;
2cee : 4f;
2cef : 3a;
2cf0 : b6;
2cf1 : 6f;
2cf2 : ba;
2cf3 : 04;
2cf4 : 49;
2cf5 : b3;
2cf6 : 5b;
2cf7 : 20;
2cf8 : ae;
2cf9 : 9a;
2cfa : 9c;
2cfb : e1;
2cfc : 8d;
2cfd : e1;
2cfe : 5d;
2cff : 24;
2d00 : 71;
2d01 : 49;
2d02 : 6c;
2d03 : 42;
2d04 : f1;
2d05 : b4;
2d06 : 8a;
2d07 : 14;
2d08 : 99;
2d09 : b0;
2d0a : 6d;
2d0b : c0;
2d0c : 73;
2d0d : 4e;
2d0e : 3d;
2d0f : f3;
2d10 : 3c;
2d11 : 7b;
2d12 : 87;
2d13 : 83;
2d14 : 42;
2d15 : 76;
2d16 : aa;
2d17 : 2a;
2d18 : 44;
2d19 : 8f;
2d1a : d3;
2d1b : 0f;
2d1c : b8;
2d1d : 30;
2d1e : ac;
2d1f : ec;
2d20 : 6b;
2d21 : 6a;
2d22 : 41;
2d23 : 49;
2d24 : 28;
2d25 : e4;
2d26 : cc;
2d27 : 57;
2d28 : f9;
2d29 : 19;
2d2a : 75;
2d2b : 37;
2d2c : 9c;
2d2d : fd;
2d2e : 3b;
2d2f : 51;
2d30 : a4;
2d31 : 84;
2d32 : 96;
2d33 : 5d;
2d34 : c2;
2d35 : c5;
2d36 : d5;
2d37 : 5e;
2d38 : 09;
2d39 : fb;
2d3a : bc;
2d3b : eb;
2d3c : c9;
2d3d : da;
2d3e : 41;
2d3f : 0d;
2d40 : 46;
2d41 : 04;
2d42 : 5d;
2d43 : e1;
2d44 : 14;
2d45 : 11;
2d46 : eb;
2d47 : 96;
2d48 : 9a;
2d49 : 1f;
2d4a : 40;
2d4b : 64;
2d4c : 83;
2d4d : ab;
2d4e : c9;
2d4f : f7;
2d50 : d1;
2d51 : d7;
2d52 : 66;
2d53 : 5a;
2d54 : 14;
2d55 : 0f;
2d56 : 2d;
2d57 : fc;
2d58 : f2;
2d59 : 64;
2d5a : 1b;
2d5b : c4;
2d5c : 92;
2d5d : 4f;
2d5e : d6;
2d5f : dc;
2d60 : c3;
2d61 : 2a;
2d62 : bf;
2d63 : 25;
2d64 : 72;
2d65 : ab;
2d66 : 1c;
2d67 : 1b;
2d68 : 2f;
2d69 : 86;
2d6a : 49;
2d6b : 1b;
2d6c : 85;
2d6d : bd;
2d6e : 38;
2d6f : 07;
2d70 : 56;
2d71 : 50;
2d72 : 26;
2d73 : c3;
2d74 : da;
2d75 : 46;
2d76 : 11;
2d77 : c6;
2d78 : f2;
2d79 : 90;
2d7a : 46;
2d7b : c7;
2d7c : 60;
2d7d : ce;
2d7e : ca;
2d7f : 9a;
2d80 : 3a;
2d81 : 86;
2d82 : f0;
2d83 : 7d;
2d84 : cc;
2d85 : 4f;
2d86 : 8a;
2d87 : 5a;
2d88 : ff;
2d89 : 6c;
2d8a : 5b;
2d8b : 1d;
2d8c : c1;
2d8d : d5;
2d8e : cf;
2d8f : be;
2d90 : f0;
2d91 : d3;
2d92 : bd;
2d93 : f9;
2d94 : c7;
2d95 : f8;
2d96 : df;
2d97 : af;
2d98 : 7d;
2d99 : 9e;
2d9a : 6d;
2d9b : 60;
2d9c : 4d;
2d9d : f0;
2d9e : 73;
2d9f : 2d;
2da0 : d4;
2da1 : ea;
2da2 : c9;
2da3 : 0b;
2da4 : 95;
2da5 : 72;
2da6 : 4b;
2da7 : d3;
2da8 : d6;
2da9 : 23;
2daa : d9;
2dab : dd;
2dac : 0b;
2dad : 89;
2dae : e4;
2daf : 91;
2db0 : 21;
2db1 : 34;
2db2 : 36;
2db3 : 74;
2db4 : 43;
2db5 : af;
2db6 : dc;
2db7 : 50;
2db8 : eb;
2db9 : b1;
2dba : fe;
2dbb : fe;
2dbc : da;
2dbd : 1a;
2dbe : 78;
2dbf : a4;
2dc0 : 3f;
2dc1 : 81;
2dc2 : de;
2dc3 : 2d;
2dc4 : 31;
2dc5 : 46;
2dc6 : 47;
2dc7 : 1b;
2dc8 : 1e;
2dc9 : 7e;
2dca : ea;
2dcb : aa;
2dcc : aa;
2dcd : ac;
2dce : 96;
2dcf : f9;
2dd0 : 12;
2dd1 : e7;
2dd2 : 6c;
2dd3 : 5c;
2dd4 : 11;
2dd5 : 23;
2dd6 : 17;
2dd7 : 1d;
2dd8 : b7;
2dd9 : 1b;
2dda : 25;
2ddb : 9d;
2ddc : 8a;
2ddd : bf;
2dde : db;
2ddf : bb;
2de0 : 01;
2de1 : 96;
2de2 : 82;
2de3 : 44;
2de4 : b4;
2de5 : 62;
2de6 : fa;
2de7 : 11;
2de8 : b6;
2de9 : 4c;
2dea : 9d;
2deb : fa;
2dec : 69;
2ded : 6b;
2dee : 5a;
2def : 33;
2df0 : cf;
2df1 : 45;
2df2 : 55;
2df3 : 3e;
2df4 : 54;
2df5 : 82;
2df6 : a6;
2df7 : 11;
2df8 : 8b;
2df9 : 7a;
2dfa : 5b;
2dfb : 9a;
2dfc : 9e;
2dfd : 59;
2dfe : f9;
2dff : 2e;
2e00 : cf;
2e01 : f7;
2e02 : 38;
2e03 : d6;
2e04 : 14;
2e05 : f9;
2e06 : 61;
2e07 : 1c;
2e08 : 77;
2e09 : e1;
2e0a : a5;
2e0b : 80;
2e0c : 67;
2e0d : e0;
2e0e : 5e;
2e0f : 66;
2e10 : a6;
2e11 : c8;
2e12 : 6d;
2e13 : 75;
2e14 : f0;
2e15 : 29;
2e16 : 46;
2e17 : f8;
2e18 : e3;
2e19 : 81;
2e1a : 23;
2e1b : 63;
2e1c : 8e;
2e1d : b1;
2e1e : 61;
2e1f : 70;
2e20 : 78;
2e21 : e0;
2e22 : fc;
2e23 : 9a;
2e24 : f1;
2e25 : 1d;
2e26 : 83;
2e27 : d8;
2e28 : 27;
2e29 : fa;
2e2a : 37;
2e2b : 4b;
2e2c : 6d;
2e2d : 2b;
2e2e : a0;
2e2f : b8;
2e30 : 21;
2e31 : c1;
2e32 : 72;
2e33 : 1e;
2e34 : 10;
2e35 : 38;
2e36 : c3;
2e37 : bc;
2e38 : d9;
2e39 : 78;
2e3a : 69;
2e3b : a0;
2e3c : 4e;
2e3d : b4;
2e3e : a2;
2e3f : 2c;
2e40 : 05;
2e41 : ff;
2e42 : ab;
2e43 : 40;
2e44 : 78;
2e45 : 8b;
2e46 : 99;
2e47 : ef;
2e48 : ff;
2e49 : e9;
2e4a : 63;
2e4b : 3b;
2e4c : 22;
2e4d : cb;
2e4e : b6;
2e4f : fa;
2e50 : 89;
2e51 : 4c;
2e52 : c0;
2e53 : a7;
2e54 : 5a;
2e55 : eb;
2e56 : 7c;
2e57 : af;
2e58 : 6c;
2e59 : 2b;
2e5a : e1;
2e5b : a1;
2e5c : 99;
2e5d : a4;
2e5e : 4f;
2e5f : ef;
2e60 : ed;
2e61 : 59;
2e62 : 6d;
2e63 : cf;
2e64 : 57;
2e65 : 4a;
2e66 : 37;
2e67 : cb;
2e68 : ae;
2e69 : 9e;
2e6a : dd;
2e6b : 85;
2e6c : d1;
2e6d : b5;
2e6e : ed;
2e6f : 05;
2e70 : eb;
2e71 : bb;
2e72 : 0f;
2e73 : 34;
2e74 : 71;
2e75 : 4a;
2e76 : ac;
2e77 : 60;
2e78 : 71;
2e79 : be;
2e7a : 2c;
2e7b : c8;
2e7c : f9;
2e7d : 44;
2e7e : f8;
2e7f : ce;
2e80 : 72;
2e81 : 81;
2e82 : fc;
2e83 : 6f;
2e84 : e5;
2e85 : 95;
2e86 : 8e;
2e87 : 3d;
2e88 : b6;
2e89 : 09;
2e8a : 4f;
2e8b : 87;
2e8c : 00;
2e8d : 8c;
2e8e : 28;
2e8f : 9f;
2e90 : 26;
2e91 : 2c;
2e92 : df;
2e93 : b8;
2e94 : 37;
2e95 : 45;
2e96 : 8b;
2e97 : e1;
2e98 : 54;
2e99 : 67;
2e9a : 93;
2e9b : 10;
2e9c : f1;
2e9d : d3;
2e9e : 53;
2e9f : d6;
2ea0 : 72;
2ea1 : 4a;
2ea2 : f2;
2ea3 : 3f;
2ea4 : 51;
2ea5 : e8;
2ea6 : e0;
2ea7 : 1f;
2ea8 : d6;
2ea9 : 2b;
2eaa : 79;
2eab : f6;
2eac : 4f;
2ead : 19;
2eae : f9;
2eaf : 08;
2eb0 : bc;
2eb1 : 2b;
2eb2 : f6;
2eb3 : 86;
2eb4 : a4;
2eb5 : 7d;
2eb6 : d4;
2eb7 : 1e;
2eb8 : 55;
2eb9 : 6e;
2eba : 74;
2ebb : fd;
2ebc : 42;
2ebd : 2a;
2ebe : 7c;
2ebf : b8;
2ec0 : 3b;
2ec1 : f5;
2ec2 : 47;
2ec3 : ef;
2ec4 : fb;
2ec5 : 99;
2ec6 : c9;
2ec7 : 90;
2ec8 : 39;
2ec9 : 33;
2eca : 1c;
2ecb : 69;
2ecc : 4c;
2ecd : 69;
2ece : 95;
2ecf : ba;
2ed0 : 97;
2ed1 : 0e;
2ed2 : 7c;
2ed3 : 94;
2ed4 : 76;
2ed5 : 20;
2ed6 : 74;
2ed7 : 09;
2ed8 : c1;
2ed9 : 02;
2eda : e9;
2edb : 60;
2edc : b8;
2edd : c9;
2ede : 71;
2edf : 9b;
2ee0 : 2d;
2ee1 : a2;
2ee2 : e5;
2ee3 : 92;
2ee4 : f2;
2ee5 : d1;
2ee6 : 12;
2ee7 : d8;
2ee8 : 2a;
2ee9 : 99;
2eea : bc;
2eeb : a7;
2eec : 7b;
2eed : 3a;
2eee : cc;
2eef : 4f;
2ef0 : 35;
2ef1 : 45;
2ef2 : 14;
2ef3 : 2c;
2ef4 : 37;
2ef5 : c5;
2ef6 : 78;
2ef7 : 91;
2ef8 : 5b;
2ef9 : 66;
2efa : 11;
2efb : ec;
2efc : 64;
2efd : e8;
2efe : de;
2eff : 24;
2f00 : 64;
2f01 : 13;
2f02 : 34;
2f03 : a6;
2f04 : dd;
2f05 : 58;
2f06 : b4;
2f07 : d5;
2f08 : 32;
2f09 : 1e;
2f0a : 9e;
2f0b : ce;
2f0c : 98;
2f0d : cc;
2f0e : 06;
2f0f : 05;
2f10 : cb;
2f11 : 5b;
2f12 : dc;
2f13 : 9c;
2f14 : 22;
2f15 : 1e;
2f16 : ab;
2f17 : b4;
2f18 : 49;
2f19 : 71;
2f1a : 9d;
2f1b : d2;
2f1c : 0d;
2f1d : b3;
2f1e : 19;
2f1f : 82;
2f20 : 9e;
2f21 : 81;
2f22 : 46;
2f23 : 97;
2f24 : 36;
2f25 : 80;
2f26 : 09;
2f27 : 5e;
2f28 : 88;
2f29 : b5;
2f2a : c5;
2f2b : ee;
2f2c : ee;
2f2d : 12;
2f2e : 6a;
2f2f : 6e;
2f30 : e4;
2f31 : 8d;
2f32 : 4c;
2f33 : 90;
2f34 : 9e;
2f35 : d9;
2f36 : 69;
2f37 : f2;
2f38 : 93;
2f39 : 7b;
2f3a : 90;
2f3b : 4f;
2f3c : 01;
2f3d : bc;
2f3e : a5;
2f3f : a4;
2f40 : 52;
2f41 : af;
2f42 : 2b;
2f43 : 88;
2f44 : 14;
2f45 : a3;
2f46 : 72;
2f47 : b0;
2f48 : a8;
2f49 : 11;
2f4a : e2;
2f4b : 0d;
2f4c : ec;
2f4d : 36;
2f4e : e8;
2f4f : 26;
2f50 : 69;
2f51 : c4;
2f52 : e2;
2f53 : 62;
2f54 : 8c;
2f55 : 05;
2f56 : 14;
2f57 : 1b;
2f58 : 91;
2f59 : 78;
2f5a : b8;
2f5b : b6;
2f5c : a5;
2f5d : 84;
2f5e : bf;
2f5f : 65;
2f60 : 1e;
2f61 : 92;
2f62 : 65;
2f63 : df;
2f64 : 8f;
2f65 : 47;
2f66 : 3e;
2f67 : 3a;
2f68 : 32;
2f69 : 04;
2f6a : ce;
2f6b : 04;
2f6c : 3d;
2f6d : b5;
2f6e : cd;
2f6f : 5a;
2f70 : 64;
2f71 : 07;
2f72 : 6c;
2f73 : 36;
2f74 : 7b;
2f75 : f8;
2f76 : 4b;
2f77 : b9;
2f78 : 9c;
2f79 : 4b;
2f7a : 0b;
2f7b : 2d;
2f7c : 41;
2f7d : da;
2f7e : c4;
2f7f : 3f;
2f80 : 5e;
2f81 : d0;
2f82 : 16;
2f83 : 46;
2f84 : b2;
2f85 : 04;
2f86 : a4;
2f87 : c8;
2f88 : ee;
2f89 : 0d;
2f8a : 3f;
2f8b : 9b;
2f8c : 1d;
2f8d : 4d;
2f8e : 45;
2f8f : 0b;
2f90 : 68;
2f91 : c1;
2f92 : 45;
2f93 : cf;
2f94 : 0f;
2f95 : 15;
2f96 : 2f;
2f97 : 5c;
2f98 : f0;
2f99 : 43;
2f9a : 71;
2f9b : df;
2f9c : 0b;
2f9d : 5c;
2f9e : dc;
2f9f : 64;
2fa0 : ef;
2fa1 : 47;
2fa2 : 48;
2fa3 : 16;
2fa4 : 79;
2fa5 : ad;
2fa6 : 1d;
2fa7 : 35;
2fa8 : b3;
2fa9 : fa;
2faa : e2;
2fab : 77;
2fac : db;
2fad : be;
2fae : 9a;
2faf : 67;
2fb0 : 25;
2fb1 : c5;
2fb2 : 09;
2fb3 : a2;
2fb4 : 46;
2fb5 : 4c;
2fb6 : 75;
2fb7 : 6f;
2fb8 : e5;
2fb9 : cb;
2fba : 3b;
2fbb : 26;
2fbc : 57;
2fbd : 1d;
2fbe : 00;
2fbf : df;
2fc0 : 37;
2fc1 : 74;
2fc2 : b1;
2fc3 : 41;
2fc4 : a0;
2fc5 : c6;
2fc6 : 0c;
2fc7 : 57;
2fc8 : 2e;
2fc9 : b5;
2fca : a0;
2fcb : 28;
2fcc : 7f;
2fcd : 74;
2fce : d7;
2fcf : ba;
2fd0 : 60;
2fd1 : b7;
2fd2 : a5;
2fd3 : 31;
2fd4 : c4;
2fd5 : 2b;
2fd6 : 40;
2fd7 : d9;
2fd8 : c3;
2fd9 : 5e;
2fda : 1f;
2fdb : 85;
2fdc : 87;
2fdd : 22;
2fde : 06;
2fdf : 66;
2fe0 : e8;
2fe1 : 84;
2fe2 : 10;
2fe3 : 35;
2fe4 : 1d;
2fe5 : 8d;
2fe6 : bd;
2fe7 : 2c;
2fe8 : e5;
2fe9 : 89;
2fea : 02;
2feb : a1;
2fec : c4;
2fed : 63;
2fee : b2;
2fef : f1;
2ff0 : 88;
2ff1 : 94;
2ff2 : 10;
2ff3 : 93;
2ff4 : 8c;
2ff5 : df;
2ff6 : a0;
2ff7 : ba;
2ff8 : 77;
2ff9 : df;
2ffa : 14;
2ffb : ca;
2ffc : 58;
2ffd : 9f;
2ffe : 98;
2fff : 29;
3000 : 1e;
3001 : c5;
3002 : ab;
3003 : ad;
3004 : a8;
3005 : 08;
3006 : 3e;
3007 : fd;
3008 : 74;
3009 : 0f;
300a : 7d;
300b : 06;
300c : de;
300d : 41;
300e : de;
300f : a1;
3010 : d5;
3011 : 3f;
3012 : 6e;
3013 : 6e;
3014 : 5b;
3015 : 82;
3016 : 0c;
3017 : ed;
3018 : e0;
3019 : ea;
301a : a4;
301b : 34;
301c : 8b;
301d : 23;
301e : 91;
301f : 0b;
3020 : 98;
3021 : 5d;
3022 : 0e;
3023 : da;
3024 : 4c;
3025 : f1;
3026 : 3b;
3027 : 6d;
3028 : 72;
3029 : b7;
302a : 03;
302b : 34;
302c : 58;
302d : 8b;
302e : 15;
302f : 19;
3030 : 9c;
3031 : 9c;
3032 : 5b;
3033 : 8f;
3034 : 1d;
3035 : 69;
3036 : 17;
3037 : 96;
3038 : b8;
3039 : 1b;
303a : 7c;
303b : 5b;
303c : 27;
303d : 19;
303e : c0;
303f : ba;
3040 : 04;
3041 : 6d;
3042 : f9;
3043 : 19;
3044 : d0;
3045 : 30;
3046 : 28;
3047 : 44;
3048 : 0e;
3049 : 3b;
304a : be;
304b : 99;
304c : 24;
304d : bc;
304e : 2a;
304f : 2c;
3050 : 4e;
3051 : 6d;
3052 : 03;
3053 : 2d;
3054 : 27;
3055 : e4;
3056 : 43;
3057 : b4;
3058 : 51;
3059 : 90;
305a : a6;
305b : f0;
305c : e0;
305d : d9;
305e : e4;
305f : 4f;
3060 : da;
3061 : 00;
3062 : 6f;
3063 : 19;
3064 : 4d;
3065 : 9f;
3066 : ea;
3067 : 96;
3068 : a9;
3069 : da;
306a : 94;
306b : 18;
306c : 17;
306d : 44;
306e : ab;
306f : 41;
3070 : 5e;
3071 : ef;
3072 : 78;
3073 : 66;
3074 : 85;
3075 : ca;
3076 : 7a;
3077 : 91;
3078 : 05;
3079 : c0;
307a : eb;
307b : 1a;
307c : 69;
307d : 5c;
307e : 24;
307f : 70;
3080 : 57;
3081 : 42;
3082 : 83;
3083 : e7;
3084 : e9;
3085 : 12;
3086 : e3;
3087 : 7d;
3088 : 5d;
3089 : 6d;
308a : b2;
308b : 46;
308c : 92;
308d : a4;
308e : 14;
308f : 5e;
3090 : ac;
3091 : 77;
3092 : 1f;
3093 : 80;
3094 : c7;
3095 : d1;
3096 : f1;
3097 : d3;
3098 : 5e;
3099 : 8f;
309a : 6f;
309b : 53;
309c : ca;
309d : 34;
309e : 25;
309f : 6a;
30a0 : 44;
30a1 : 40;
30a2 : 40;
30a3 : c2;
30a4 : b9;
30a5 : d4;
30a6 : 39;
30a7 : b9;
30a8 : ab;
30a9 : 9e;
30aa : 34;
30ab : 81;
30ac : 65;
30ad : 19;
30ae : b2;
30af : 7d;
30b0 : 9f;
30b1 : 0b;
30b2 : 87;
30b3 : c9;
30b4 : ab;
30b5 : cc;
30b6 : 8f;
30b7 : ab;
30b8 : 9b;
30b9 : 54;
30ba : 6c;
30bb : 13;
30bc : cd;
30bd : 72;
30be : 48;
30bf : 9b;
30c0 : 83;
30c1 : 35;
30c2 : b1;
30c3 : d1;
30c4 : bb;
30c5 : fa;
30c6 : 87;
30c7 : 08;
30c8 : 2e;
30c9 : 8b;
30ca : b6;
30cb : 4c;
30cc : ac;
30cd : 8c;
30ce : 6b;
30cf : 07;
30d0 : 9b;
30d1 : 6a;
30d2 : 55;
30d3 : 1b;
30d4 : 10;
30d5 : 01;
30d6 : d9;
30d7 : 8c;
30d8 : db;
30d9 : 87;
30da : 11;
30db : 1b;
30dc : 25;
30dd : 01;
30de : 91;
30df : 84;
30e0 : 70;
30e1 : 3b;
30e2 : 04;
30e3 : b4;
30e4 : 21;
30e5 : 0c;
30e6 : ba;
30e7 : cd;
30e8 : fd;
30e9 : cf;
30ea : 28;
30eb : cf;
30ec : d4;
30ed : 8b;
30ee : 7d;
30ef : b0;
30f0 : 61;
30f1 : c2;
30f2 : 59;
30f3 : ea;
30f4 : 95;
30f5 : 0d;
30f6 : 14;
30f7 : 31;
30f8 : 90;
30f9 : 15;
30fa : c4;
30fb : df;
30fc : 00;
30fd : c6;
30fe : d4;
30ff : f0;
3100 : 31;
3101 : de;
3102 : 5f;
3103 : 9f;
3104 : 14;
3105 : e3;
3106 : 80;
3107 : f7;
3108 : c9;
3109 : ce;
310a : 87;
310b : 94;
310c : 5a;
310d : 1c;
310e : 67;
310f : ce;
3110 : 54;
3111 : 64;
3112 : 71;
3113 : 3c;
3114 : 32;
3115 : 4c;
3116 : 91;
3117 : bb;
3118 : bd;
3119 : 5f;
311a : 52;
311b : a0;
311c : ff;
311d : 41;
311e : f0;
311f : a6;
3120 : b6;
3121 : 61;
3122 : 21;
3123 : c4;
3124 : 9f;
3125 : 41;
3126 : d8;
3127 : d2;
3128 : 66;
3129 : 48;
312a : b8;
312b : 66;
312c : 03;
312d : 7b;
312e : 9d;
312f : df;
3130 : 44;
3131 : 9a;
3132 : 7b;
3133 : 16;
3134 : fb;
3135 : 52;
3136 : 32;
3137 : d3;
3138 : e4;
3139 : 8b;
313a : 3a;
313b : 48;
313c : 09;
313d : e4;
313e : f3;
313f : bb;
3140 : b1;
3141 : ac;
3142 : 2d;
3143 : 76;
3144 : 5b;
3145 : b3;
3146 : cb;
3147 : 84;
3148 : 79;
3149 : 84;
314a : de;
314b : 89;
314c : ef;
314d : 44;
314e : 34;
314f : e5;
3150 : c6;
3151 : 3d;
3152 : 8d;
3153 : 04;
3154 : e4;
3155 : 16;
3156 : ae;
3157 : 23;
3158 : 50;
3159 : 7d;
315a : be;
315b : c7;
315c : a9;
315d : 57;
315e : 58;
315f : 3c;
3160 : 41;
3161 : 90;
3162 : 36;
3163 : 48;
3164 : 3c;
3165 : 6c;
3166 : ea;
3167 : b2;
3168 : fa;
3169 : 1f;
316a : 79;
316b : d6;
316c : a7;
316d : 42;
316e : 01;
316f : 20;
3170 : 04;
3171 : 08;
3172 : c1;
3173 : b0;
3174 : 85;
3175 : ec;
3176 : 6e;
3177 : 2a;
3178 : 00;
3179 : d6;
317a : 29;
317b : 98;
317c : 18;
317d : 87;
317e : 28;
317f : 53;
3180 : 21;
3181 : 01;
3182 : 34;
3183 : 9e;
3184 : 57;
3185 : 69;
3186 : 76;
3187 : d7;
3188 : 02;
3189 : ba;
318a : 79;
318b : 2e;
318c : db;
318d : c9;
318e : c6;
318f : 80;
3190 : 00;
3191 : e2;
3192 : 8e;
3193 : cb;
3194 : 7e;
3195 : 28;
3196 : 34;
3197 : 2a;
3198 : 99;
3199 : b1;
319a : a0;
319b : 40;
319c : 78;
319d : b4;
319e : e8;
319f : cd;
31a0 : d9;
31a1 : 6b;
31a2 : ea;
31a3 : 20;
31a4 : 5f;
31a5 : 23;
31a6 : 80;
31a7 : 37;
31a8 : 57;
31a9 : 0c;
31aa : 4b;
31ab : b8;
31ac : de;
31ad : c9;
31ae : b0;
31af : e6;
31b0 : bc;
31b1 : 3c;
31b2 : ca;
31b3 : 5a;
31b4 : a7;
31b5 : fd;
31b6 : b4;
31b7 : 44;
31b8 : 0f;
31b9 : 40;
31ba : 1e;
31bb : e4;
31bc : cb;
31bd : c8;
31be : 99;
31bf : 90;
31c0 : bf;
31c1 : 8d;
31c2 : 2a;
31c3 : c5;
31c4 : 36;
31c5 : 09;
31c6 : 74;
31c7 : 00;
31c8 : 07;
31c9 : c3;
31ca : 65;
31cb : 49;
31cc : af;
31cd : 74;
31ce : a2;
31cf : d9;
31d0 : 83;
31d1 : 1d;
31d2 : 77;
31d3 : 0b;
31d4 : 60;
31d5 : ba;
31d6 : 96;
31d7 : 37;
31d8 : 00;
31d9 : 83;
31da : cc;
31db : 69;
31dc : 45;
31dd : dd;
31de : c1;
31df : df;
31e0 : 8b;
31e1 : b0;
31e2 : 84;
31e3 : 23;
31e4 : 62;
31e5 : c7;
31e6 : d6;
31e7 : 0c;
31e8 : 1c;
31e9 : 60;
31ea : 6f;
31eb : 7b;
31ec : 61;
31ed : 68;
31ee : fd;
31ef : 9e;
31f0 : a9;
31f1 : 64;
31f2 : 8e;
31f3 : 05;
31f4 : d2;
31f5 : 33;
31f6 : ca;
31f7 : 9e;
31f8 : c2;
31f9 : c9;
31fa : 92;
31fb : ca;
31fc : fe;
31fd : a1;
31fe : 3c;
31ff : 81;
3200 : 2f;
3201 : cb;
3202 : 4c;
3203 : 47;
3204 : 50;
3205 : 00;
3206 : 85;
3207 : 57;
3208 : f9;
3209 : 2b;
320a : b5;
320b : 99;
320c : 1f;
320d : b1;
320e : 49;
320f : e9;
3210 : 73;
3211 : 61;
3212 : 5d;
3213 : 01;
3214 : 32;
3215 : 66;
3216 : 68;
3217 : 25;
3218 : f1;
3219 : 16;
321a : 2b;
321b : 2a;
321c : 6a;
321d : f4;
321e : fd;
321f : 65;
3220 : bf;
3221 : 71;
3222 : 44;
3223 : 07;
3224 : a4;
3225 : 9b;
3226 : 29;
3227 : b5;
3228 : 3d;
3229 : 44;
322a : 4a;
322b : e7;
322c : 0c;
322d : e8;
322e : 73;
322f : 08;
3230 : 31;
3231 : 46;
3232 : 85;
3233 : 39;
3234 : 92;
3235 : 4f;
3236 : 76;
3237 : ca;
3238 : f2;
3239 : 2f;
323a : a1;
323b : f9;
323c : 1c;
323d : 5a;
323e : 68;
323f : 8a;
3240 : cd;
3241 : d5;
3242 : 8f;
3243 : f3;
3244 : d1;
3245 : 47;
3246 : 7a;
3247 : ae;
3248 : 12;
3249 : 13;
324a : 3b;
324b : 59;
324c : f0;
324d : 04;
324e : 44;
324f : e6;
3250 : 81;
3251 : 40;
3252 : 30;
3253 : a8;
3254 : 80;
3255 : 8e;
3256 : 00;
3257 : 5b;
3258 : 59;
3259 : f6;
325a : 3e;
325b : 56;
325c : e0;
325d : 04;
325e : f2;
325f : 2c;
3260 : 57;
3261 : 8b;
3262 : ad;
3263 : 33;
3264 : 8c;
3265 : 96;
3266 : 8f;
3267 : 0d;
3268 : d9;
3269 : 32;
326a : 05;
326b : f0;
326c : 29;
326d : b1;
326e : 8b;
326f : 65;
3270 : 14;
3271 : 21;
3272 : 97;
3273 : 29;
3274 : 07;
3275 : 5c;
3276 : 94;
3277 : 5f;
3278 : 5f;
3279 : 26;
327a : a9;
327b : 64;
327c : fb;
327d : 3b;
327e : 99;
327f : 0f;
3280 : 7c;
3281 : b8;
3282 : bf;
3283 : f7;
3284 : ea;
3285 : 52;
3286 : 98;
3287 : c0;
3288 : 61;
3289 : 07;
328a : 38;
328b : 6a;
328c : d3;
328d : 5f;
328e : b1;
328f : 39;
3290 : 2e;
3291 : c4;
3292 : 25;
3293 : fb;
3294 : aa;
3295 : 93;
3296 : 2e;
3297 : 43;
3298 : be;
3299 : ef;
329a : ac;
329b : 01;
329c : 50;
329d : f9;
329e : da;
329f : 68;
32a0 : 9f;
32a1 : 02;
32a2 : b5;
32a3 : 6c;
32a4 : 96;
32a5 : 53;
32a6 : 7b;
32a7 : 4c;
32a8 : e9;
32a9 : 29;
32aa : 39;
32ab : 38;
32ac : 93;
32ad : ed;
32ae : e7;
32af : 0a;
32b0 : 91;
32b1 : cd;
32b2 : 4a;
32b3 : 62;
32b4 : 6d;
32b5 : b5;
32b6 : 04;
32b7 : 85;
32b8 : a6;
32b9 : 4f;
32ba : 23;
32bb : c7;
32bc : 20;
32bd : 24;
32be : 4c;
32bf : d2;
32c0 : f6;
32c1 : 82;
32c2 : 31;
32c3 : b1;
32c4 : 22;
32c5 : 30;
32c6 : 94;
32c7 : be;
32c8 : ec;
32c9 : 08;
32ca : 36;
32cb : 98;
32cc : 93;
32cd : 67;
32ce : 7c;
32cf : ea;
32d0 : 35;
32d1 : 8c;
32d2 : 72;
32d3 : 49;
32d4 : 58;
32d5 : 31;
32d6 : 0c;
32d7 : 7a;
32d8 : 98;
32d9 : 1a;
32da : 02;
32db : 80;
32dc : 51;
32dd : 1a;
32de : 45;
32df : 19;
32e0 : a6;
32e1 : 13;
32e2 : 9e;
32e3 : e7;
32e4 : e0;
32e5 : f0;
32e6 : 55;
32e7 : a6;
32e8 : c2;
32e9 : 56;
32ea : 05;
32eb : 2a;
32ec : e3;
32ed : 60;
32ee : 45;
32ef : c2;
32f0 : 70;
32f1 : d0;
32f2 : a6;
32f3 : ff;
32f4 : 7c;
32f5 : 0d;
32f6 : f0;
32f7 : 53;
32f8 : 7f;
32f9 : 82;
32fa : 1a;
32fb : 58;
32fc : 71;
32fd : a3;
32fe : f3;
32ff : c8;
3300 : 1a;
3301 : 7e;
3302 : b9;
3303 : ec;
3304 : 68;
3305 : 31;
3306 : 16;
3307 : bc;
3308 : 0d;
3309 : 31;
330a : 0e;
330b : b1;
330c : 3a;
330d : 34;
330e : 4e;
330f : cd;
3310 : a7;
3311 : af;
3312 : dc;
3313 : 0e;
3314 : 61;
3315 : a2;
3316 : 11;
3317 : 92;
3318 : d0;
3319 : 43;
331a : f6;
331b : 1a;
331c : f9;
331d : b4;
331e : 10;
331f : 9b;
3320 : 22;
3321 : ca;
3322 : 54;
3323 : 19;
3324 : ed;
3325 : b5;
3326 : 27;
3327 : 1d;
3328 : 93;
3329 : be;
332a : 45;
332b : 82;
332c : c3;
332d : 96;
332e : 8d;
332f : 20;
3330 : 19;
3331 : 3b;
3332 : d8;
3333 : d1;
3334 : d0;
3335 : 7a;
3336 : f6;
3337 : 79;
3338 : bc;
3339 : 1c;
333a : 6f;
333b : a0;
333c : 23;
333d : 6a;
333e : e2;
333f : 3f;
3340 : b3;
3341 : 97;
3342 : 05;
3343 : a8;
3344 : 10;
3345 : 0c;
3346 : 5f;
3347 : 8d;
3348 : 3d;
3349 : bc;
334a : a4;
334b : 7e;
334c : da;
334d : 54;
334e : b5;
334f : b3;
3350 : 5d;
3351 : 59;
3352 : ed;
3353 : aa;
3354 : ce;
3355 : 7f;
3356 : 5f;
3357 : 80;
3358 : 01;
3359 : 54;
335a : b4;
335b : 91;
335c : f3;
335d : 83;
335e : f2;
335f : bc;
3360 : f3;
3361 : b0;
3362 : 52;
3363 : 00;
3364 : 09;
3365 : 16;
3366 : 06;
3367 : d6;
3368 : af;
3369 : a9;
336a : b1;
336b : 01;
336c : eb;
336d : 0e;
336e : 3d;
336f : 94;
3370 : 99;
3371 : ea;
3372 : 2d;
3373 : 54;
3374 : af;
3375 : c4;
3376 : 56;
3377 : 55;
3378 : ce;
3379 : 3d;
337a : c3;
337b : d0;
337c : 9b;
337d : e7;
337e : 9d;
337f : a6;
3380 : b5;
3381 : cd;
3382 : 08;
3383 : de;
3384 : f0;
3385 : a3;
3386 : 00;
3387 : 03;
3388 : 1c;
3389 : 34;
338a : 96;
338b : 21;
338c : 36;
338d : 6c;
338e : ff;
338f : 17;
3390 : 1c;
3391 : 2a;
3392 : db;
3393 : dc;
3394 : 36;
3395 : 64;
3396 : 1e;
3397 : 9c;
3398 : d7;
3399 : 28;
339a : 82;
339b : 3a;
339c : 33;
339d : 04;
339e : 1a;
339f : 04;
33a0 : 4a;
33a1 : 49;
33a2 : 63;
33a3 : 0c;
33a4 : ca;
33a5 : ca;
33a6 : 47;
33a7 : c7;
33a8 : 1a;
33a9 : 1f;
33aa : df;
33ab : bf;
33ac : dd;
33ad : 37;
33ae : 3f;
33af : 0f;
33b0 : 3d;
33b1 : e9;
33b2 : 02;
33b3 : 76;
33b4 : 19;
33b5 : 16;
33b6 : 53;
33b7 : 30;
33b8 : be;
33b9 : e9;
33ba : 1d;
33bb : b5;
33bc : 74;
33bd : d6;
33be : 82;
33bf : 74;
33c0 : 3e;
33c1 : b3;
33c2 : 10;
33c3 : 2e;
33c4 : 8a;
33c5 : 38;
33c6 : f3;
33c7 : b8;
33c8 : 3f;
33c9 : c7;
33ca : 8e;
33cb : 00;
33cc : 4b;
33cd : d5;
33ce : 7e;
33cf : dd;
33d0 : fa;
33d1 : 30;
33d2 : a4;
33d3 : ed;
33d4 : f2;
33d5 : 62;
33d6 : 21;
33d7 : 3b;
33d8 : ee;
33d9 : 8a;
33da : 80;
33db : d7;
33dc : cc;
33dd : b2;
33de : ea;
33df : 5e;
33e0 : 2f;
33e1 : 25;
33e2 : 29;
33e3 : b2;
33e4 : 95;
33e5 : d8;
33e6 : 8a;
33e7 : a1;
33e8 : 83;
33e9 : d9;
33ea : 66;
33eb : 21;
33ec : 26;
33ed : ac;
33ee : 4f;
33ef : a5;
33f0 : 71;
33f1 : 3c;
33f2 : 79;
33f3 : 6f;
33f4 : 23;
33f5 : ab;
33f6 : 7d;
33f7 : 04;
33f8 : 75;
33f9 : db;
33fa : df;
33fb : 27;
33fc : 0d;
33fd : b5;
33fe : 27;
33ff : ba;
3400 : 1c;
3401 : 14;
3402 : fb;
3403 : aa;
3404 : 8b;
3405 : 8c;
3406 : c8;
3407 : 96;
3408 : de;
3409 : 9d;
340a : f3;
340b : f9;
340c : 83;
340d : 19;
340e : 2b;
340f : 01;
3410 : 60;
3411 : 43;
3412 : 51;
3413 : 0c;
3414 : b3;
3415 : bc;
3416 : c8;
3417 : 69;
3418 : ba;
3419 : 20;
341a : 62;
341b : 27;
341c : b5;
341d : 1d;
341e : d6;
341f : 2c;
3420 : 07;
3421 : 32;
3422 : 49;
3423 : 72;
3424 : a6;
3425 : aa;
3426 : 69;
3427 : cb;
3428 : ce;
3429 : cb;
342a : 4f;
342b : 4a;
342c : 99;
342d : 9a;
342e : 7f;
342f : b6;
3430 : 10;
3431 : 35;
3432 : 91;
3433 : 79;
3434 : 12;
3435 : da;
3436 : c9;
3437 : 54;
3438 : 63;
3439 : 6e;
343a : 1d;
343b : c3;
343c : 63;
343d : 76;
343e : 15;
343f : ff;
3440 : 0a;
3441 : a5;
3442 : ac;
3443 : b9;
3444 : d6;
3445 : 5b;
3446 : e9;
3447 : 50;
3448 : f8;
3449 : f0;
344a : 52;
344b : 0f;
344c : aa;
344d : dd;
344e : ee;
344f : cd;
3450 : a5;
3451 : f3;
3452 : 90;
3453 : aa;
3454 : e9;
3455 : ff;
3456 : 0f;
3457 : e3;
3458 : 8e;
3459 : 64;
345a : 4b;
345b : 08;
345c : e8;
345d : 2b;
345e : 35;
345f : 0f;
3460 : c0;
3461 : 14;
3462 : 87;
3463 : 1e;
3464 : d8;
3465 : b9;
3466 : 8a;
3467 : e1;
3468 : 50;
3469 : d2;
346a : d8;
346b : 20;
346c : ba;
346d : 99;
346e : da;
346f : 49;
3470 : 5c;
3471 : 2f;
3472 : 1f;
3473 : 65;
3474 : c2;
3475 : b5;
3476 : cd;
3477 : a0;
3478 : 84;
3479 : 0c;
347a : dc;
347b : 0a;
347c : 82;
347d : 72;
347e : 6e;
347f : f6;
3480 : 2a;
3481 : 80;
3482 : c8;
3483 : 44;
3484 : 8c;
3485 : a6;
3486 : 93;
3487 : 7b;
3488 : 38;
3489 : 3b;
348a : ed;
348b : dd;
348c : 6f;
348d : df;
348e : 5d;
348f : 74;
3490 : 30;
3491 : bd;
3492 : 27;
3493 : c8;
3494 : c2;
3495 : 6e;
3496 : 21;
3497 : 1b;
3498 : a3;
3499 : d2;
349a : be;
349b : a3;
349c : d9;
349d : 53;
349e : 83;
349f : 5f;
34a0 : e4;
34a1 : 1c;
34a2 : bf;
34a3 : 2e;
34a4 : c4;
34a5 : 81;
34a6 : 2c;
34a7 : 69;
34a8 : ad;
34a9 : e2;
34aa : f0;
34ab : 9a;
34ac : 6d;
34ad : d8;
34ae : 93;
34af : a0;
34b0 : b1;
34b1 : 70;
34b2 : b7;
34b3 : eb;
34b4 : e3;
34b5 : 41;
34b6 : 2f;
34b7 : b7;
34b8 : 71;
34b9 : bb;
34ba : f7;
34bb : d4;
34bc : cf;
34bd : 8c;
34be : 5d;
34bf : f2;
34c0 : b6;
34c1 : ce;
34c2 : 81;
34c3 : 2f;
34c4 : 0e;
34c5 : c6;
34c6 : 1b;
34c7 : 1b;
34c8 : ae;
34c9 : 38;
34ca : c2;
34cb : e2;
34cc : 10;
34cd : 8d;
34ce : 3e;
34cf : 85;
34d0 : f7;
34d1 : 6d;
34d2 : c0;
34d3 : ef;
34d4 : 7c;
34d5 : 5f;
34d6 : 1c;
34d7 : b8;
34d8 : 41;
34d9 : 3d;
34da : 94;
34db : e2;
34dc : 30;
34dd : 45;
34de : 79;
34df : f8;
34e0 : 8f;
34e1 : d2;
34e2 : 37;
34e3 : 7d;
34e4 : f9;
34e5 : d0;
34e6 : 62;
34e7 : 04;
34e8 : 45;
34e9 : e8;
34ea : c2;
34eb : c1;
34ec : 5e;
34ed : f2;
34ee : b3;
34ef : 28;
34f0 : 39;
34f1 : 67;
34f2 : 30;
34f3 : 2e;
34f4 : b6;
34f5 : 2f;
34f6 : 97;
34f7 : 80;
34f8 : b6;
34f9 : ca;
34fa : 38;
34fb : 6e;
34fc : 60;
34fd : 90;
34fe : 9a;
34ff : 18;
3500 : 20;
3501 : ac;
3502 : 64;
3503 : e9;
3504 : 12;
3505 : ff;
3506 : d3;
3507 : ed;
3508 : 68;
3509 : 9a;
350a : fb;
350b : 5f;
350c : 90;
350d : 33;
350e : 14;
350f : 33;
3510 : 79;
3511 : 19;
3512 : e9;
3513 : f6;
3514 : 74;
3515 : a1;
3516 : 60;
3517 : c0;
3518 : 92;
3519 : 17;
351a : f3;
351b : 35;
351c : 14;
351d : 31;
351e : 45;
351f : a8;
3520 : 85;
3521 : 25;
3522 : 0d;
3523 : c5;
3524 : f4;
3525 : 0d;
3526 : 2e;
3527 : c1;
3528 : 1e;
3529 : 86;
352a : 2c;
352b : 0e;
352c : 82;
352d : cd;
352e : d1;
352f : 43;
3530 : 54;
3531 : c7;
3532 : 10;
3533 : 87;
3534 : 03;
3535 : 80;
3536 : db;
3537 : d7;
3538 : 5d;
3539 : 2a;
353a : b2;
353b : 8f;
353c : 45;
353d : 7b;
353e : 83;
353f : 4f;
3540 : 0b;
3541 : 4d;
3542 : d4;
3543 : 61;
3544 : 92;
3545 : b7;
3546 : 7f;
3547 : 16;
3548 : 5e;
3549 : f7;
354a : 0f;
354b : cc;
354c : c7;
354d : a8;
354e : 3d;
354f : be;
3550 : a3;
3551 : 67;
3552 : 17;
3553 : 33;
3554 : cc;
3555 : ba;
3556 : c1;
3557 : 2d;
3558 : f9;
3559 : de;
355a : 2b;
355b : c9;
355c : e4;
355d : 4b;
355e : ee;
355f : 50;
3560 : 1d;
3561 : 80;
3562 : 93;
3563 : d7;
3564 : 8c;
3565 : f8;
3566 : 72;
3567 : dc;
3568 : 54;
3569 : 89;
356a : 15;
356b : 02;
356c : 5c;
356d : be;
356e : 89;
356f : 39;
3570 : 57;
3571 : 7f;
3572 : 3b;
3573 : 5b;
3574 : 04;
3575 : 8e;
3576 : cf;
3577 : 57;
3578 : 44;
3579 : 80;
357a : 2d;
357b : 95;
357c : 04;
357d : f5;
357e : c5;
357f : d1;
3580 : 1d;
3581 : 97;
3582 : 9a;
3583 : ba;
3584 : 0b;
3585 : 6d;
3586 : 22;
3587 : cf;
3588 : 95;
3589 : c1;
358a : 83;
358b : db;
358c : 80;
358d : 07;
358e : c3;
358f : b6;
3590 : 65;
3591 : a6;
3592 : 7e;
3593 : 04;
3594 : 41;
3595 : 83;
3596 : 37;
3597 : cd;
3598 : 9c;
3599 : f6;
359a : c5;
359b : e7;
359c : 47;
359d : ec;
359e : 4a;
359f : de;
35a0 : 6c;
35a1 : 8a;
35a2 : 5a;
35a3 : 31;
35a4 : 1f;
35a5 : ba;
35a6 : 49;
35a7 : 0e;
35a8 : 34;
35a9 : 3d;
35aa : 64;
35ab : 84;
35ac : 5d;
35ad : d8;
35ae : a6;
35af : 3b;
35b0 : 9f;
35b1 : 74;
35b2 : 03;
35b3 : 5b;
35b4 : 35;
35b5 : b2;
35b6 : 90;
35b7 : 9f;
35b8 : e6;
35b9 : 57;
35ba : 79;
35bb : 75;
35bc : 46;
35bd : 6b;
35be : 00;
35bf : bf;
35c0 : 91;
35c1 : 81;
35c2 : 06;
35c3 : 92;
35c4 : bf;
35c5 : bd;
35c6 : 36;
35c7 : e2;
35c8 : 7d;
35c9 : ba;
35ca : c5;
35cb : 3e;
35cc : 4c;
35cd : c8;
35ce : 6a;
35cf : 06;
35d0 : f8;
35d1 : 64;
35d2 : 6b;
35d3 : c1;
35d4 : e3;
35d5 : ac;
35d6 : 74;
35d7 : d7;
35d8 : 4a;
35d9 : e1;
35da : 72;
35db : 7c;
35dc : 14;
35dd : 78;
35de : 97;
35df : 51;
35e0 : d5;
35e1 : 14;
35e2 : 58;
35e3 : 00;
35e4 : 44;
35e5 : 0b;
35e6 : 3a;
35e7 : 8b;
35e8 : 1a;
35e9 : 21;
35ea : 69;
35eb : e0;
35ec : 36;
35ed : cf;
35ee : 90;
35ef : 60;
35f0 : f4;
35f1 : b7;
35f2 : c3;
35f3 : 77;
35f4 : 55;
35f5 : 50;
35f6 : 0a;
35f7 : 6f;
35f8 : 97;
35f9 : ac;
35fa : 31;
35fb : 46;
35fc : fb;
35fd : 0a;
35fe : 96;
35ff : d0;
3600 : 0e;
3601 : 4b;
3602 : 56;
3603 : da;
3604 : 58;
3605 : 5e;
3606 : 94;
3607 : e0;
3608 : 51;
3609 : d3;
360a : 99;
360b : 21;
360c : 2c;
360d : af;
360e : 27;
360f : 50;
3610 : e4;
3611 : d1;
3612 : 7f;
3613 : 4f;
3614 : 4c;
3615 : f0;
3616 : 29;
3617 : 87;
3618 : 94;
3619 : 34;
361a : b5;
361b : cf;
361c : 30;
361d : f7;
361e : 1a;
361f : 31;
3620 : 96;
3621 : bc;
3622 : e0;
3623 : cb;
3624 : 6e;
3625 : f6;
3626 : 0f;
3627 : 4e;
3628 : 27;
3629 : ab;
362a : 18;
362b : 09;
362c : 0d;
362d : 6b;
362e : 61;
362f : 11;
3630 : 50;
3631 : bd;
3632 : 11;
3633 : 17;
3634 : be;
3635 : f9;
3636 : f6;
3637 : e5;
3638 : 1b;
3639 : 0b;
363a : 5d;
363b : 25;
363c : e7;
363d : b1;
363e : e8;
363f : 11;
3640 : 8a;
3641 : bb;
3642 : 53;
3643 : 02;
3644 : 40;
3645 : ba;
3646 : f7;
3647 : f8;
3648 : 3c;
3649 : b4;
364a : 4b;
364b : 52;
364c : 79;
364d : 21;
364e : 40;
364f : eb;
3650 : af;
3651 : fc;
3652 : 71;
3653 : fe;
3654 : 06;
3655 : 0c;
3656 : ce;
3657 : 51;
3658 : c0;
3659 : da;
365a : 1a;
365b : e7;
365c : ca;
365d : 61;
365e : f1;
365f : 85;
3660 : 66;
3661 : c3;
3662 : 58;
3663 : 4d;
3664 : 29;
3665 : 82;
3666 : 83;
3667 : dd;
3668 : 39;
3669 : a4;
366a : 45;
366b : 0a;
366c : 6f;
366d : 2c;
366e : 4c;
366f : d3;
3670 : d8;
3671 : 11;
3672 : ca;
3673 : ae;
3674 : 49;
3675 : ab;
3676 : 86;
3677 : fe;
3678 : ce;
3679 : 6b;
367a : 1e;
367b : 5e;
367c : 3a;
367d : e3;
367e : 7f;
367f : d5;
3680 : cf;
3681 : 7e;
3682 : e5;
3683 : 72;
3684 : 7a;
3685 : 5d;
3686 : 61;
3687 : c1;
3688 : b4;
3689 : 99;
368a : 13;
368b : 99;
368c : 04;
368d : aa;
368e : d3;
368f : f9;
3690 : 3a;
3691 : 9d;
3692 : c8;
3693 : d9;
3694 : 97;
3695 : 60;
3696 : da;
3697 : a6;
3698 : d4;
3699 : 8d;
369a : fd;
369b : 76;
369c : 69;
369d : a3;
369e : 09;
369f : 2f;
36a0 : 4a;
36a1 : 3d;
36a2 : cd;
36a3 : 4a;
36a4 : e2;
36a5 : 53;
36a6 : e3;
36a7 : ca;
36a8 : 35;
36a9 : e6;
36aa : 51;
36ab : 01;
36ac : e8;
36ad : fb;
36ae : 6c;
36af : 45;
36b0 : 66;
36b1 : 83;
36b2 : 08;
36b3 : 2d;
36b4 : c8;
36b5 : 45;
36b6 : 04;
36b7 : 02;
36b8 : b5;
36b9 : d4;
36ba : 18;
36bb : b0;
36bc : c4;
36bd : 63;
36be : 8d;
36bf : 37;
36c0 : 4f;
36c1 : 00;
36c2 : f7;
36c3 : 01;
36c4 : f3;
36c5 : a2;
36c6 : 73;
36c7 : 0d;
36c8 : 07;
36c9 : 62;
36ca : 7b;
36cb : d2;
36cc : 7c;
36cd : 97;
36ce : 2c;
36cf : 13;
36d0 : 2d;
36d1 : 0a;
36d2 : 4d;
36d3 : a1;
36d4 : 2d;
36d5 : 34;
36d6 : 2f;
36d7 : 60;
36d8 : cc;
36d9 : 41;
36da : 72;
36db : cd;
36dc : e6;
36dd : 5b;
36de : 61;
36df : d6;
36e0 : 99;
36e1 : 82;
36e2 : 4d;
36e3 : 5d;
36e4 : e1;
36e5 : dc;
36e6 : 8b;
36e7 : 1d;
36e8 : 34;
36e9 : 2b;
36ea : 97;
36eb : f5;
36ec : d2;
36ed : b8;
36ee : 8e;
36ef : b8;
36f0 : 77;
36f1 : 29;
36f2 : 68;
36f3 : 5d;
36f4 : 6f;
36f5 : bc;
36f6 : 25;
36f7 : 8d;
36f8 : 70;
36f9 : 8d;
36fa : 1d;
36fb : 14;
36fc : 74;
36fd : 71;
36fe : e2;
36ff : f1;
3700 : de;
3701 : 46;
3702 : 2e;
3703 : f8;
3704 : 04;
3705 : d6;
3706 : 7b;
3707 : d5;
3708 : a3;
3709 : 36;
370a : 48;
370b : ed;
370c : 2e;
370d : 27;
370e : 1d;
370f : 66;
3710 : 77;
3711 : d7;
3712 : 02;
3713 : b6;
3714 : 77;
3715 : 0b;
3716 : 4b;
3717 : 53;
3718 : b7;
3719 : c4;
371a : 81;
371b : 79;
371c : 79;
371d : 96;
371e : e8;
371f : c4;
3720 : 18;
3721 : 53;
3722 : a7;
3723 : a0;
3724 : 8a;
3725 : b1;
3726 : 0b;
3727 : 86;
3728 : 4b;
3729 : 51;
372a : b0;
372b : de;
372c : 23;
372d : 38;
372e : 83;
372f : 89;
3730 : 22;
3731 : 2c;
3732 : 75;
3733 : 78;
3734 : ac;
3735 : 46;
3736 : fe;
3737 : b1;
3738 : 2d;
3739 : b4;
373a : bc;
373b : 7f;
373c : ea;
373d : 79;
373e : a8;
373f : 53;
3740 : 1e;
3741 : e1;
3742 : 59;
3743 : 4e;
3744 : 11;
3745 : b7;
3746 : 57;
3747 : 0a;
3748 : fc;
3749 : 3a;
374a : 93;
374b : 64;
374c : 75;
374d : dd;
374e : b2;
374f : 66;
3750 : 74;
3751 : 4a;
3752 : 66;
3753 : 2f;
3754 : 60;
3755 : 0a;
3756 : 8d;
3757 : f3;
3758 : 82;
3759 : 05;
375a : 9f;
375b : 0e;
375c : 44;
375d : 2b;
375e : 33;
375f : 4a;
3760 : 22;
3761 : 95;
3762 : 4a;
3763 : ea;
3764 : 48;
3765 : cb;
3766 : d6;
3767 : a0;
3768 : 14;
3769 : c9;
376a : ba;
376b : 28;
376c : 52;
376d : 7a;
376e : 83;
376f : 44;
3770 : b3;
3771 : 6a;
3772 : e4;
3773 : 69;
3774 : ce;
3775 : 4d;
3776 : 03;
3777 : a0;
3778 : d1;
3779 : f3;
377a : 49;
377b : 67;
377c : f2;
377d : 5a;
377e : 6d;
377f : 41;
3780 : 00;
3781 : 69;
3782 : 5d;
3783 : 3a;
3784 : 1c;
3785 : c8;
3786 : a0;
3787 : 58;
3788 : 9b;
3789 : 50;
378a : ab;
378b : 6a;
378c : d7;
378d : c2;
378e : fb;
378f : 69;
3790 : 6c;
3791 : 6f;
3792 : 37;
3793 : c3;
3794 : 8c;
3795 : 62;
3796 : 7f;
3797 : 4e;
3798 : 65;
3799 : 50;
379a : dc;
379b : 85;
379c : 47;
379d : 28;
379e : 06;
379f : ec;
37a0 : 88;
37a1 : 3c;
37a2 : 08;
37a3 : 99;
37a4 : d5;
37a5 : d8;
37a6 : 8c;
37a7 : d9;
37a8 : 37;
37a9 : 45;
37aa : fc;
37ab : a5;
37ac : 2e;
37ad : f4;
37ae : 98;
37af : 1c;
37b0 : 4f;
37b1 : a3;
37b2 : 93;
37b3 : 28;
37b4 : 37;
37b5 : ef;
37b6 : ff;
37b7 : 8e;
37b8 : 8e;
37b9 : c5;
37ba : fa;
37bb : 34;
37bc : bd;
37bd : 41;
37be : f3;
37bf : 81;
37c0 : 7f;
37c1 : 1c;
37c2 : 05;
37c3 : a0;
37c4 : 7f;
37c5 : 0d;
37c6 : cc;
37c7 : 65;
37c8 : 68;
37c9 : cb;
37ca : 72;
37cb : ce;
37cc : 99;
37cd : 6d;
37ce : 1a;
37cf : 51;
37d0 : 07;
37d1 : fd;
37d2 : 44;
37d3 : ca;
37d4 : 7e;
37d5 : fb;
37d6 : 19;
37d7 : bf;
37d8 : 1c;
37d9 : 41;
37da : cc;
37db : eb;
37dc : fa;
37dd : 36;
37de : 38;
37df : 34;
37e0 : 7c;
37e1 : 40;
37e2 : 87;
37e3 : cb;
37e4 : 31;
37e5 : 76;
37e6 : 57;
37e7 : f7;
37e8 : a9;
37e9 : b7;
37ea : 68;
37eb : 94;
37ec : ba;
37ed : b0;
37ee : f9;
37ef : a2;
37f0 : 17;
37f1 : 5a;
37f2 : 55;
37f3 : fd;
37f4 : cc;
37f5 : 00;
37f6 : a6;
37f7 : dc;
37f8 : e9;
37f9 : a3;
37fa : 50;
37fb : 72;
37fc : 6f;
37fd : 45;
37fe : 9d;
37ff : 9e;
3800 : e1;
3801 : c5;
3802 : 2e;
3803 : 57;
3804 : 93;
3805 : 4e;
3806 : 69;
3807 : 0f;
3808 : 6e;
3809 : 3f;
380a : 69;
380b : 51;
380c : a9;
380d : b4;
380e : b0;
380f : 8b;
3810 : 3a;
3811 : 56;
3812 : fc;
3813 : b3;
3814 : 88;
3815 : 89;
3816 : d0;
3817 : 60;
3818 : ba;
3819 : 41;
381a : a0;
381b : 1f;
381c : ca;
381d : 41;
381e : 0d;
381f : eb;
3820 : 5f;
3821 : b6;
3822 : 86;
3823 : f5;
3824 : 53;
3825 : 5f;
3826 : f4;
3827 : e8;
3828 : e2;
3829 : 1d;
382a : 7c;
382b : d3;
382c : bc;
382d : cc;
382e : 86;
382f : 82;
3830 : 61;
3831 : bb;
3832 : 8c;
3833 : 31;
3834 : 89;
3835 : 59;
3836 : 0d;
3837 : 7e;
3838 : 2a;
3839 : f0;
383a : e4;
383b : 8b;
383c : 19;
383d : 26;
383e : 50;
383f : 5f;
3840 : 0f;
3841 : b0;
3842 : 18;
3843 : e7;
3844 : 09;
3845 : c5;
3846 : 3e;
3847 : c3;
3848 : 61;
3849 : 3b;
384a : c8;
384b : cb;
384c : 61;
384d : 3e;
384e : 51;
384f : 50;
3850 : e8;
3851 : 00;
3852 : db;
3853 : 84;
3854 : 6e;
3855 : 13;
3856 : c6;
3857 : 6a;
3858 : db;
3859 : e3;
385a : ac;
385b : 34;
385c : fb;
385d : 5b;
385e : 70;
385f : b4;
3860 : ef;
3861 : c4;
3862 : 6f;
3863 : 1b;
3864 : f3;
3865 : 32;
3866 : cd;
3867 : e0;
3868 : 56;
3869 : 76;
386a : 0c;
386b : 20;
386c : c9;
386d : a4;
386e : bf;
386f : 29;
3870 : 4f;
3871 : e7;
3872 : 4a;
3873 : 97;
3874 : 92;
3875 : 2e;
3876 : 06;
3877 : 9c;
3878 : b6;
3879 : 6c;
387a : 3a;
387b : 2e;
387c : 4f;
387d : e0;
387e : 12;
387f : 71;
3880 : 11;
3881 : db;
3882 : 18;
3883 : 88;
3884 : c7;
3885 : 17;
3886 : ab;
3887 : de;
3888 : 81;
3889 : d7;
388a : 36;
388b : a4;
388c : 94;
388d : 40;
388e : 4d;
388f : fb;
3890 : c1;
3891 : d2;
3892 : ae;
3893 : 49;
3894 : ef;
3895 : c8;
3896 : e1;
3897 : fb;
3898 : 10;
3899 : 3a;
389a : 78;
389b : e2;
389c : 2c;
389d : ec;
389e : 32;
389f : 9b;
38a0 : 7c;
38a1 : bd;
38a2 : b5;
38a3 : f6;
38a4 : 9e;
38a5 : fd;
38a6 : 55;
38a7 : 1a;
38a8 : 68;
38a9 : cd;
38aa : a0;
38ab : d8;
38ac : 95;
38ad : f1;
38ae : 27;
38af : b7;
38b0 : 8f;
38b1 : df;
38b2 : 67;
38b3 : b4;
38b4 : 5f;
38b5 : b6;
38b6 : 9b;
38b7 : 41;
38b8 : 65;
38b9 : ac;
38ba : 7d;
38bb : e8;
38bc : 68;
38bd : b3;
38be : 4e;
38bf : f3;
38c0 : 1a;
38c1 : be;
38c2 : fb;
38c3 : 91;
38c4 : f7;
38c5 : 78;
38c6 : 66;
38c7 : 2d;
38c8 : d2;
38c9 : 51;
38ca : df;
38cb : f3;
38cc : c8;
38cd : a4;
38ce : bc;
38cf : aa;
38d0 : 58;
38d1 : 11;
38d2 : 0b;
38d3 : b4;
38d4 : ec;
38d5 : 31;
38d6 : cf;
38d7 : e9;
38d8 : 29;
38d9 : 4a;
38da : 73;
38db : 1c;
38dc : 7c;
38dd : 7d;
38de : 35;
38df : 2c;
38e0 : 5a;
38e1 : 5d;
38e2 : 89;
38e3 : 20;
38e4 : a4;
38e5 : 30;
38e6 : a6;
38e7 : d2;
38e8 : 22;
38e9 : b1;
38ea : a1;
38eb : bc;
38ec : 64;
38ed : 7d;
38ee : b9;
38ef : 8b;
38f0 : 99;
38f1 : ef;
38f2 : 62;
38f3 : e1;
38f4 : 1c;
38f5 : 17;
38f6 : 71;
38f7 : 82;
38f8 : 76;
38f9 : 14;
38fa : 8c;
38fb : 3c;
38fc : 6b;
38fd : 11;
38fe : ff;
38ff : a1;
3900 : 52;
3901 : 9a;
3902 : a8;
3903 : 7b;
3904 : 7d;
3905 : ac;
3906 : c0;
3907 : 20;
3908 : 5f;
3909 : d1;
390a : 39;
390b : b1;
390c : c8;
390d : 1f;
390e : f5;
390f : 10;
3910 : 9d;
3911 : 15;
3912 : fd;
3913 : 3b;
3914 : 73;
3915 : 30;
3916 : 71;
3917 : 2d;
3918 : 05;
3919 : 5b;
391a : 6d;
391b : dc;
391c : 34;
391d : 74;
391e : 0d;
391f : c5;
3920 : 2d;
3921 : 52;
3922 : 0e;
3923 : 4f;
3924 : a8;
3925 : bb;
3926 : 79;
3927 : ef;
3928 : f9;
3929 : 4e;
392a : 5b;
392b : f4;
392c : 07;
392d : 77;
392e : 24;
392f : c1;
3930 : 28;
3931 : 43;
3932 : dd;
3933 : 27;
3934 : 72;
3935 : 23;
3936 : e8;
3937 : 9b;
3938 : 90;
3939 : 3d;
393a : ff;
393b : 54;
393c : 80;
393d : af;
393e : f1;
393f : 32;
3940 : 1f;
3941 : 72;
3942 : 07;
3943 : 54;
3944 : 9d;
3945 : 2e;
3946 : bf;
3947 : 6e;
3948 : f7;
3949 : 7a;
394a : f5;
394b : 7e;
394c : 91;
394d : d6;
394e : bd;
394f : 96;
3950 : 79;
3951 : 5e;
3952 : 3c;
3953 : 23;
3954 : 5a;
3955 : 4c;
3956 : bc;
3957 : 42;
3958 : b6;
3959 : aa;
395a : ae;
395b : 2a;
395c : 7c;
395d : 42;
395e : 35;
395f : ad;
3960 : ad;
3961 : e0;
3962 : 95;
3963 : 57;
3964 : f1;
3965 : 2c;
3966 : 36;
3967 : b8;
3968 : 1d;
3969 : 6e;
396a : 60;
396b : 8d;
396c : e3;
396d : 62;
396e : 39;
396f : d5;
3970 : 20;
3971 : 2a;
3972 : 71;
3973 : 07;
3974 : bc;
3975 : e4;
3976 : 81;
3977 : 05;
3978 : 7b;
3979 : 82;
397a : 23;
397b : fc;
397c : f4;
397d : d4;
397e : 14;
397f : 25;
3980 : 03;
3981 : db;
3982 : 81;
3983 : 12;
3984 : 9d;
3985 : 77;
3986 : 3a;
3987 : 26;
3988 : 49;
3989 : f7;
398a : 4f;
398b : eb;
398c : 51;
398d : 91;
398e : 3c;
398f : 81;
3990 : c4;
3991 : e9;
3992 : 51;
3993 : 67;
3994 : 56;
3995 : d1;
3996 : 5f;
3997 : 55;
3998 : 23;
3999 : 2b;
399a : 8c;
399b : 18;
399c : bf;
399d : 13;
399e : 87;
399f : f6;
39a0 : 3d;
39a1 : c3;
39a2 : b2;
39a3 : 9f;
39a4 : 37;
39a5 : 8f;
39a6 : 96;
39a7 : e4;
39a8 : 81;
39a9 : 36;
39aa : c5;
39ab : 2d;
39ac : d4;
39ad : 6f;
39ae : 6e;
39af : 15;
39b0 : 83;
39b1 : 7c;
39b2 : 7e;
39b3 : e6;
39b4 : 77;
39b5 : bd;
39b6 : 9b;
39b7 : 91;
39b8 : 1f;
39b9 : 8a;
39ba : 16;
39bb : 39;
39bc : 6d;
39bd : 02;
39be : 6a;
39bf : ee;
39c0 : 37;
39c1 : 25;
39c2 : 9a;
39c3 : 0d;
39c4 : d9;
39c5 : c4;
39c6 : 78;
39c7 : dd;
39c8 : 28;
39c9 : 34;
39ca : cb;
39cb : ba;
39cc : 90;
39cd : f2;
39ce : 43;
39cf : c0;
39d0 : 13;
39d1 : bc;
39d2 : 01;
39d3 : c1;
39d4 : ed;
39d5 : fc;
39d6 : f8;
39d7 : fb;
39d8 : 06;
39d9 : 27;
39da : 96;
39db : 45;
39dc : 24;
39dd : d7;
39de : 56;
39df : c5;
39e0 : fa;
39e1 : 8f;
39e2 : 15;
39e3 : 88;
39e4 : aa;
39e5 : 7d;
39e6 : 27;
39e7 : b8;
39e8 : 19;
39e9 : 73;
39ea : 13;
39eb : 12;
39ec : 05;
39ed : d4;
39ee : 58;
39ef : 87;
39f0 : c0;
39f1 : ce;
39f2 : 17;
39f3 : 57;
39f4 : 58;
39f5 : f3;
39f6 : ac;
39f7 : d2;
39f8 : c9;
39f9 : 0d;
39fa : 29;
39fb : 21;
39fc : 62;
39fd : 78;
39fe : 05;
39ff : 45;
3a00 : 40;
3a01 : 17;
3a02 : 21;
3a03 : aa;
3a04 : 6e;
3a05 : 85;
3a06 : dd;
3a07 : e7;
3a08 : 44;
3a09 : 48;
3a0a : 2b;
3a0b : 1f;
3a0c : 9e;
3a0d : 8a;
3a0e : 09;
3a0f : 0f;
3a10 : 6c;
3a11 : 0f;
3a12 : bc;
3a13 : 8b;
3a14 : c8;
3a15 : bd;
3a16 : cc;
3a17 : eb;
3a18 : 34;
3a19 : 90;
3a1a : 00;
3a1b : 11;
3a1c : f0;
3a1d : 59;
3a1e : 78;
3a1f : d7;
3a20 : 34;
3a21 : 11;
3a22 : 4c;
3a23 : 2d;
3a24 : 5e;
3a25 : c1;
3a26 : b2;
3a27 : 95;
3a28 : 62;
3a29 : 83;
3a2a : d5;
3a2b : 6d;
3a2c : ed;
3a2d : a0;
3a2e : 6b;
3a2f : 52;
3a30 : cc;
3a31 : ab;
3a32 : e6;
3a33 : aa;
3a34 : 5e;
3a35 : cf;
3a36 : 94;
3a37 : 9c;
3a38 : 96;
3a39 : 79;
3a3a : 8e;
3a3b : 90;
3a3c : 78;
3a3d : fd;
3a3e : 70;
3a3f : af;
3a40 : 00;
3a41 : bb;
3a42 : 3c;
3a43 : 3e;
3a44 : 50;
3a45 : e6;
3a46 : d7;
3a47 : aa;
3a48 : 55;
3a49 : 6a;
3a4a : d5;
3a4b : f3;
3a4c : e8;
3a4d : 83;
3a4e : 7d;
3a4f : ad;
3a50 : a8;
3a51 : f4;
3a52 : 32;
3a53 : 58;
3a54 : 12;
3a55 : 90;
3a56 : 83;
3a57 : ee;
3a58 : 83;
3a59 : 85;
3a5a : 03;
3a5b : d0;
3a5c : e3;
3a5d : 58;
3a5e : c8;
3a5f : fe;
3a60 : 39;
3a61 : 62;
3a62 : 37;
3a63 : 7c;
3a64 : f4;
3a65 : 74;
3a66 : 49;
3a67 : 6d;
3a68 : f3;
3a69 : 0b;
3a6a : ca;
3a6b : b1;
3a6c : 9d;
3a6d : f6;
3a6e : ee;
3a6f : 8d;
3a70 : fa;
3a71 : ce;
3a72 : ef;
3a73 : 5e;
3a74 : 46;
3a75 : de;
3a76 : 45;
3a77 : 92;
3a78 : 60;
3a79 : d4;
3a7a : 0e;
3a7b : 14;
3a7c : dd;
3a7d : fb;
3a7e : 4b;
3a7f : bc;
3a80 : 6b;
3a81 : 20;
3a82 : d8;
3a83 : 24;
3a84 : 2c;
3a85 : 98;
3a86 : ae;
3a87 : 6b;
3a88 : b6;
3a89 : 4a;
3a8a : ee;
3a8b : 12;
3a8c : 90;
3a8d : f2;
3a8e : 91;
3a8f : 4d;
3a90 : a6;
3a91 : f4;
3a92 : 23;
3a93 : 5c;
3a94 : 5c;
3a95 : d6;
3a96 : 40;
3a97 : 4e;
3a98 : 82;
3a99 : 26;
3a9a : 94;
3a9b : 58;
3a9c : ad;
3a9d : b0;
3a9e : 6a;
3a9f : 75;
3aa0 : 73;
3aa1 : 09;
3aa2 : ec;
3aa3 : 7e;
3aa4 : 10;
3aa5 : dd;
3aa6 : 2e;
3aa7 : 6c;
3aa8 : e7;
3aa9 : fc;
3aaa : 8a;
3aab : 96;
3aac : 3b;
3aad : d1;
3aae : 07;
3aaf : 07;
3ab0 : 6d;
3ab1 : 73;
3ab2 : 8b;
3ab3 : 65;
3ab4 : 4e;
3ab5 : b1;
3ab6 : a8;
3ab7 : f6;
3ab8 : 9e;
3ab9 : bb;
3aba : ac;
3abb : 3a;
3abc : 2a;
3abd : a3;
3abe : c7;
3abf : 54;
3ac0 : 9d;
3ac1 : 85;
3ac2 : 97;
3ac3 : e2;
3ac4 : 91;
3ac5 : 59;
3ac6 : cd;
3ac7 : df;
3ac8 : 15;
3ac9 : 25;
3aca : 4f;
3acb : 6d;
3acc : 43;
3acd : f0;
3ace : 87;
3acf : 1d;
3ad0 : dc;
3ad1 : 2c;
3ad2 : b2;
3ad3 : 00;
3ad4 : c6;
3ad5 : 37;
3ad6 : c8;
3ad7 : e6;
3ad8 : ff;
3ad9 : f0;
3ada : d7;
3adb : 3d;
3adc : 4d;
3add : df;
3ade : b0;
3adf : 87;
3ae0 : d6;
3ae1 : 6b;
3ae2 : 3f;
3ae3 : 81;
3ae4 : af;
3ae5 : a0;
3ae6 : d0;
3ae7 : 8e;
3ae8 : 38;
3ae9 : 12;
3aea : 67;
3aeb : fd;
3aec : 69;
3aed : 55;
3aee : c1;
3aef : ca;
3af0 : c1;
3af1 : 1d;
3af2 : 8d;
3af3 : d3;
3af4 : c1;
3af5 : 85;
3af6 : 70;
3af7 : a3;
3af8 : c3;
3af9 : d7;
3afa : 84;
3afb : 9a;
3afc : 9e;
3afd : e9;
3afe : bb;
3aff : 12;
3b00 : 47;
3b01 : 0b;
3b02 : 71;
3b03 : f5;
3b04 : 15;
3b05 : cf;
3b06 : c9;
3b07 : 36;
3b08 : 00;
3b09 : 96;
3b0a : 10;
3b0b : fb;
3b0c : fb;
3b0d : 91;
3b0e : 44;
3b0f : 71;
3b10 : d4;
3b11 : 03;
3b12 : 4c;
3b13 : 37;
3b14 : a6;
3b15 : 27;
3b16 : a8;
3b17 : 57;
3b18 : 05;
3b19 : 5c;
3b1a : ed;
3b1b : 75;
3b1c : 6b;
3b1d : 1c;
3b1e : 91;
3b1f : 57;
3b20 : f8;
3b21 : 7b;
3b22 : 58;
3b23 : 99;
3b24 : 95;
3b25 : 00;
3b26 : 25;
3b27 : e6;
3b28 : cd;
3b29 : db;
3b2a : b3;
3b2b : 40;
3b2c : 09;
3b2d : 76;
3b2e : ee;
3b2f : 43;
3b30 : f1;
3b31 : 14;
3b32 : 78;
3b33 : 6c;
3b34 : f0;
3b35 : e0;
3b36 : ab;
3b37 : 90;
3b38 : f1;
3b39 : 67;
3b3a : 92;
3b3b : 6c;
3b3c : ec;
3b3d : d3;
3b3e : 09;
3b3f : 86;
3b40 : da;
3b41 : 85;
3b42 : 6b;
3b43 : e5;
3b44 : ec;
3b45 : 5e;
3b46 : 65;
3b47 : 42;
3b48 : dd;
3b49 : 04;
3b4a : 96;
3b4b : 1d;
3b4c : 67;
3b4d : 69;
3b4e : ab;
3b4f : f8;
3b50 : f0;
3b51 : 08;
3b52 : a4;
3b53 : 38;
3b54 : 3a;
3b55 : 0e;
3b56 : 05;
3b57 : 6f;
3b58 : 46;
3b59 : 59;
3b5a : 2f;
3b5b : 52;
3b5c : e6;
3b5d : 57;
3b5e : cc;
3b5f : 59;
3b60 : 14;
3b61 : 57;
3b62 : 0d;
3b63 : 8e;
3b64 : 84;
3b65 : a8;
3b66 : 01;
3b67 : 45;
3b68 : 18;
3b69 : b2;
3b6a : f5;
3b6b : 4c;
3b6c : bd;
3b6d : 0e;
3b6e : 9d;
3b6f : 01;
3b70 : ae;
3b71 : f7;
3b72 : 2d;
3b73 : ea;
3b74 : 57;
3b75 : 59;
3b76 : ad;
3b77 : 60;
3b78 : 1c;
3b79 : 28;
3b7a : da;
3b7b : 9b;
3b7c : 29;
3b7d : 21;
3b7e : bc;
3b7f : 6f;
3b80 : 2f;
3b81 : d6;
3b82 : 4f;
3b83 : 35;
3b84 : 01;
3b85 : 7c;
3b86 : 07;
3b87 : 2d;
3b88 : 68;
3b89 : 19;
3b8a : cc;
3b8b : dd;
3b8c : f1;
3b8d : 03;
3b8e : 3d;
3b8f : a8;
3b90 : e6;
3b91 : 0d;
3b92 : 87;
3b93 : a3;
3b94 : b5;
3b95 : d6;
3b96 : c1;
3b97 : 35;
3b98 : e8;
3b99 : 7a;
3b9a : ec;
3b9b : ba;
3b9c : 66;
3b9d : bf;
3b9e : bb;
3b9f : 9c;
3ba0 : 22;
3ba1 : 32;
3ba2 : 03;
3ba3 : 1a;
3ba4 : f1;
3ba5 : 56;
3ba6 : 2e;
3ba7 : 57;
3ba8 : ae;
3ba9 : a9;
3baa : c0;
3bab : 05;
3bac : f6;
3bad : c1;
3bae : e4;
3baf : 0c;
3bb0 : d6;
3bb1 : be;
3bb2 : 47;
3bb3 : 33;
3bb4 : 17;
3bb5 : dc;
3bb6 : 3a;
3bb7 : 66;
3bb8 : a9;
3bb9 : 58;
3bba : da;
3bbb : d2;
3bbc : cc;
3bbd : 91;
3bbe : 72;
3bbf : f1;
3bc0 : 5f;
3bc1 : c3;
3bc2 : 72;
3bc3 : 4d;
3bc4 : a9;
3bc5 : b5;
3bc6 : 6a;
3bc7 : f2;
3bc8 : 04;
3bc9 : 3e;
3bca : 07;
3bcb : ac;
3bcc : 6f;
3bcd : 94;
3bce : 40;
3bcf : 34;
3bd0 : 7a;
3bd1 : d1;
3bd2 : bd;
3bd3 : 85;
3bd4 : d6;
3bd5 : 38;
3bd6 : 3e;
3bd7 : c9;
3bd8 : e2;
3bd9 : fa;
3bda : 5a;
3bdb : 29;
3bdc : ff;
3bdd : 4e;
3bde : 23;
3bdf : 03;
3be0 : a6;
3be1 : a8;
3be2 : a0;
3be3 : 63;
3be4 : 22;
3be5 : c4;
3be6 : 50;
3be7 : 9c;
3be8 : 58;
3be9 : 13;
3bea : 4c;
3beb : 63;
3bec : 8f;
3bed : 7e;
3bee : b7;
3bef : c4;
3bf0 : 24;
3bf1 : d7;
3bf2 : f6;
3bf3 : 32;
3bf4 : ef;
3bf5 : 1e;
3bf6 : b3;
3bf7 : f2;
3bf8 : 68;
3bf9 : 8e;
3bfa : b6;
3bfb : c6;
3bfc : ad;
3bfd : b1;
3bfe : d4;
3bff : 98;
3c00 : 3f;
3c01 : 71;
3c02 : 9b;
3c03 : 96;
3c04 : 07;
3c05 : e5;
3c06 : c7;
3c07 : b6;
3c08 : a0;
3c09 : 08;
3c0a : f2;
3c0b : 18;
3c0c : ed;
3c0d : 2d;
3c0e : be;
3c0f : e7;
3c10 : 30;
3c11 : e2;
3c12 : 50;
3c13 : a9;
3c14 : 09;
3c15 : d3;
3c16 : 14;
3c17 : 14;
3c18 : f6;
3c19 : 93;
3c1a : 60;
3c1b : ad;
3c1c : 85;
3c1d : d5;
3c1e : fb;
3c1f : 23;
3c20 : 37;
3c21 : 0b;
3c22 : 5e;
3c23 : cc;
3c24 : 36;
3c25 : 04;
3c26 : 0e;
3c27 : a3;
3c28 : 07;
3c29 : 46;
3c2a : b2;
3c2b : 00;
3c2c : 43;
3c2d : 5f;
3c2e : 1d;
3c2f : 43;
3c30 : 2f;
3c31 : 7f;
3c32 : b2;
3c33 : 8d;
3c34 : bf;
3c35 : 32;
3c36 : 70;
3c37 : 8c;
3c38 : a4;
3c39 : 65;
3c3a : 21;
3c3b : 9f;
3c3c : 81;
3c3d : 74;
3c3e : 52;
3c3f : e4;
3c40 : 45;
3c41 : f7;
3c42 : e5;
3c43 : 56;
3c44 : 41;
3c45 : ec;
3c46 : 51;
3c47 : 57;
3c48 : 3d;
3c49 : f6;
3c4a : d7;
3c4b : bd;
3c4c : fb;
3c4d : a0;
3c4e : d7;
3c4f : 6c;
3c50 : b5;
3c51 : 56;
3c52 : 0a;
3c53 : 9a;
3c54 : 1e;
3c55 : 61;
3c56 : 18;
3c57 : 06;
3c58 : 06;
3c59 : b7;
3c5a : 60;
3c5b : 5d;
3c5c : 32;
3c5d : 6c;
3c5e : 2c;
3c5f : 10;
3c60 : 34;
3c61 : 0d;
3c62 : 7b;
3c63 : df;
3c64 : 7f;
3c65 : 86;
3c66 : 49;
3c67 : d1;
3c68 : 08;
3c69 : b1;
3c6a : 47;
3c6b : 92;
3c6c : c5;
3c6d : 0d;
3c6e : b6;
3c6f : aa;
3c70 : 19;
3c71 : 7f;
3c72 : 53;
3c73 : ba;
3c74 : e3;
3c75 : 52;
3c76 : 6d;
3c77 : 7b;
3c78 : e7;
3c79 : 97;
3c7a : bc;
3c7b : 21;
3c7c : fd;
3c7d : 47;
3c7e : 0c;
3c7f : 3e;
3c80 : 4c;
3c81 : a2;
3c82 : e5;
3c83 : e5;
3c84 : ca;
3c85 : 14;
3c86 : 4c;
3c87 : 2e;
3c88 : 8f;
3c89 : b4;
3c8a : 2b;
3c8b : 72;
3c8c : dd;
3c8d : c3;
3c8e : dc;
3c8f : 81;
3c90 : 2e;
3c91 : 67;
3c92 : c2;
3c93 : 6c;
3c94 : e3;
3c95 : ea;
3c96 : 54;
3c97 : e2;
3c98 : bb;
3c99 : cb;
3c9a : 77;
3c9b : 6d;
3c9c : d7;
3c9d : 24;
3c9e : b6;
3c9f : 97;
3ca0 : 3d;
3ca1 : c4;
3ca2 : 84;
3ca3 : 9b;
3ca4 : 76;
3ca5 : f3;
3ca6 : f9;
3ca7 : 61;
3ca8 : 48;
3ca9 : b2;
3caa : 59;
3cab : ab;
3cac : 69;
3cad : 3a;
3cae : 26;
3caf : 23;
3cb0 : 05;
3cb1 : f8;
3cb2 : a7;
3cb3 : eb;
3cb4 : 8f;
3cb5 : 27;
3cb6 : 02;
3cb7 : b2;
3cb8 : 27;
3cb9 : a3;
3cba : fa;
3cbb : e5;
3cbc : 51;
3cbd : e9;
3cbe : 93;
3cbf : 57;
3cc0 : 7f;
3cc1 : 12;
3cc2 : e1;
3cc3 : 99;
3cc4 : f4;
3cc5 : 93;
3cc6 : 00;
3cc7 : ba;
3cc8 : 8a;
3cc9 : a3;
3cca : ff;
3ccb : cb;
3ccc : 9e;
3ccd : 09;
3cce : 89;
3ccf : 31;
3cd0 : 94;
3cd1 : ea;
3cd2 : b1;
3cd3 : b7;
3cd4 : 21;
3cd5 : 54;
3cd6 : 3d;
3cd7 : 51;
3cd8 : 2a;
3cd9 : 60;
3cda : be;
3cdb : 13;
3cdc : ae;
3cdd : 21;
3cde : c9;
3cdf : 41;
3ce0 : ff;
3ce1 : b3;
3ce2 : 3a;
3ce3 : 5f;
3ce4 : e1;
3ce5 : 83;
3ce6 : 61;
3ce7 : a3;
3ce8 : e8;
3ce9 : 80;
3cea : bc;
3ceb : c1;
3cec : 8d;
3ced : 68;
3cee : 53;
3cef : ae;
3cf0 : cb;
3cf1 : b5;
3cf2 : 89;
3cf3 : 70;
3cf4 : 2f;
3cf5 : 21;
3cf6 : e9;
3cf7 : 7b;
3cf8 : 26;
3cf9 : 96;
3cfa : 2c;
3cfb : f0;
3cfc : 87;
3cfd : cd;
3cfe : e2;
3cff : 79;
3d00 : b9;
3d01 : 41;
3d02 : a8;
3d03 : c8;
3d04 : f4;
3d05 : 5a;
3d06 : 7e;
3d07 : 6c;
3d08 : 0d;
3d09 : 39;
3d0a : 2d;
3d0b : 46;
3d0c : ce;
3d0d : 99;
3d0e : 70;
3d0f : 97;
3d10 : d4;
3d11 : 61;
3d12 : 55;
3d13 : 38;
3d14 : 8d;
3d15 : 17;
3d16 : 29;
3d17 : 2c;
3d18 : bd;
3d19 : df;
3d1a : 1b;
3d1b : 77;
3d1c : e6;
3d1d : 10;
3d1e : 2e;
3d1f : c8;
3d20 : 9c;
3d21 : 51;
3d22 : 0b;
3d23 : d2;
3d24 : 05;
3d25 : 2f;
3d26 : 45;
3d27 : 41;
3d28 : 5d;
3d29 : 99;
3d2a : e1;
3d2b : c0;
3d2c : ac;
3d2d : ba;
3d2e : fb;
3d2f : b4;
3d30 : e4;
3d31 : 91;
3d32 : 6c;
3d33 : ec;
3d34 : 51;
3d35 : 6b;
3d36 : b0;
3d37 : 39;
3d38 : fa;
3d39 : f0;
3d3a : d0;
3d3b : ff;
3d3c : 52;
3d3d : 8b;
3d3e : e9;
3d3f : 7e;
3d40 : 09;
3d41 : 7d;
3d42 : 48;
3d43 : ac;
3d44 : 4d;
3d45 : de;
3d46 : 4a;
3d47 : db;
3d48 : e0;
3d49 : 7c;
3d4a : 3a;
3d4b : 60;
3d4c : 7a;
3d4d : 09;
3d4e : dc;
3d4f : ed;
3d50 : 7f;
3d51 : 11;
3d52 : 3d;
3d53 : e2;
3d54 : 6d;
3d55 : 5e;
3d56 : c1;
3d57 : a0;
3d58 : 16;
3d59 : a1;
3d5a : 72;
3d5b : c3;
3d5c : c0;
3d5d : a8;
3d5e : d0;
3d5f : 60;
3d60 : 91;
3d61 : ef;
3d62 : e9;
3d63 : 8b;
3d64 : fa;
3d65 : c5;
3d66 : 64;
3d67 : 89;
3d68 : 68;
3d69 : 28;
3d6a : 82;
3d6b : 11;
3d6c : 2d;
3d6d : 72;
3d6e : d8;
3d6f : 34;
3d70 : 57;
3d71 : f3;
3d72 : c0;
3d73 : 5e;
3d74 : 06;
3d75 : fc;
3d76 : 20;
3d77 : 02;
3d78 : 71;
3d79 : 47;
3d7a : 70;
3d7b : 03;
3d7c : 7f;
3d7d : c0;
3d7e : 6d;
3d7f : ff;
3d80 : f7;
3d81 : c5;
3d82 : b6;
3d83 : 4a;
3d84 : 70;
3d85 : 29;
3d86 : be;
3d87 : a4;
3d88 : a1;
3d89 : d5;
3d8a : 55;
3d8b : 41;
3d8c : 4e;
3d8d : ad;
3d8e : a5;
3d8f : f0;
3d90 : a6;
3d91 : 42;
3d92 : 68;
3d93 : 69;
3d94 : 9f;
3d95 : a6;
3d96 : 22;
3d97 : a3;
3d98 : 9e;
3d99 : ca;
3d9a : 82;
3d9b : 42;
3d9c : 70;
3d9d : 1d;
3d9e : bb;
3d9f : a7;
3da0 : ec;
3da1 : e5;
3da2 : 67;
3da3 : 5f;
3da4 : 66;
3da5 : 82;
3da6 : 3f;
3da7 : 01;
3da8 : 50;
3da9 : 0d;
3daa : 81;
3dab : 78;
3dac : e2;
3dad : 2f;
3dae : df;
3daf : e2;
3db0 : 0d;
3db1 : 8d;
3db2 : 36;
3db3 : 6f;
3db4 : eb;
3db5 : e7;
3db6 : 7d;
3db7 : c1;
3db8 : eb;
3db9 : 30;
3dba : 9b;
3dbb : 71;
3dbc : 4d;
3dbd : 88;
3dbe : 11;
3dbf : 4d;
3dc0 : 60;
3dc1 : a3;
3dc2 : 55;
3dc3 : 4f;
3dc4 : 80;
3dc5 : ad;
3dc6 : 06;
3dc7 : 3e;
3dc8 : 01;
3dc9 : 92;
3dca : 80;
3dcb : ff;
3dcc : 0b;
3dcd : 52;
3dce : 21;
3dcf : 10;
3dd0 : a9;
3dd1 : 4b;
3dd2 : dc;
3dd3 : ad;
3dd4 : 98;
3dd5 : 38;
3dd6 : 3a;
3dd7 : 6b;
3dd8 : c9;
3dd9 : 8d;
3dda : 14;
3ddb : 8e;
3ddc : 08;
3ddd : b4;
3dde : 83;
3ddf : aa;
3de0 : db;
3de1 : 55;
3de2 : 88;
3de3 : 4f;
3de4 : 62;
3de5 : 29;
3de6 : a9;
3de7 : fe;
3de8 : a0;
3de9 : 8c;
3dea : 25;
3deb : 6c;
3dec : 7e;
3ded : 2d;
3dee : 3b;
3def : e4;
3df0 : 78;
3df1 : ac;
3df2 : 9a;
3df3 : 6b;
3df4 : 39;
3df5 : dc;
3df6 : 48;
3df7 : ef;
3df8 : 3f;
3df9 : 07;
3dfa : 10;
3dfb : ab;
3dfc : 9b;
3dfd : d5;
3dfe : 88;
3dff : 48;
3e00 : 97;
3e01 : 3f;
3e02 : 4e;
3e03 : 43;
3e04 : 9f;
3e05 : aa;
3e06 : e0;
3e07 : 80;
3e08 : 0a;
3e09 : f7;
3e0a : f7;
3e0b : 98;
3e0c : 93;
3e0d : 3b;
3e0e : cf;
3e0f : 91;
3e10 : 5e;
3e11 : ce;
3e12 : a0;
3e13 : d0;
3e14 : de;
3e15 : 13;
3e16 : d4;
3e17 : 3e;
3e18 : ad;
3e19 : fe;
3e1a : bb;
3e1b : dc;
3e1c : 93;
3e1d : fe;
3e1e : a4;
3e1f : 43;
3e20 : d5;
3e21 : 7e;
3e22 : ea;
3e23 : 96;
3e24 : 60;
3e25 : 09;
3e26 : 1b;
3e27 : 29;
3e28 : 2e;
3e29 : 87;
3e2a : 71;
3e2b : c7;
3e2c : c7;
3e2d : d7;
3e2e : b3;
3e2f : 21;
3e30 : 36;
3e31 : 99;
3e32 : 63;
3e33 : f1;
3e34 : 47;
3e35 : 34;
3e36 : f7;
3e37 : 79;
3e38 : 72;
3e39 : d6;
3e3a : 5e;
3e3b : 4d;
3e3c : 8f;
3e3d : 6e;
3e3e : ce;
3e3f : 85;
3e40 : 59;
3e41 : d2;
3e42 : cd;
3e43 : 50;
3e44 : be;
3e45 : 70;
3e46 : e5;
3e47 : 44;
3e48 : 62;
3e49 : 13;
3e4a : ce;
3e4b : 8b;
3e4c : 13;
3e4d : f2;
3e4e : 55;
3e4f : 78;
3e50 : 04;
3e51 : 55;
3e52 : 03;
3e53 : 15;
3e54 : e8;
3e55 : a3;
3e56 : 75;
3e57 : 09;
3e58 : 24;
3e59 : 07;
3e5a : ef;
3e5b : d7;
3e5c : 51;
3e5d : 5c;
3e5e : ee;
3e5f : 7b;
3e60 : e6;
3e61 : 4c;
3e62 : ef;
3e63 : 80;
3e64 : 2a;
3e65 : 7e;
3e66 : 62;
3e67 : d8;
3e68 : 70;
3e69 : 9e;
3e6a : 8a;
3e6b : 4b;
3e6c : 5e;
3e6d : 9d;
3e6e : d5;
3e6f : 92;
3e70 : 32;
3e71 : 47;
3e72 : 49;
3e73 : 5c;
3e74 : bc;
3e75 : 91;
3e76 : d0;
3e77 : 0d;
3e78 : 23;
3e79 : 8a;
3e7a : bc;
3e7b : c3;
3e7c : 72;
3e7d : 31;
3e7e : cb;
3e7f : 25;
3e80 : 89;
3e81 : 18;
3e82 : c0;
3e83 : e6;
3e84 : 02;
3e85 : 8d;
3e86 : 50;
3e87 : 38;
3e88 : 87;
3e89 : e2;
3e8a : 3a;
3e8b : 59;
3e8c : 45;
3e8d : 9f;
3e8e : 9a;
3e8f : 1d;
3e90 : 28;
3e91 : 7e;
3e92 : 5a;
3e93 : 7e;
3e94 : 52;
3e95 : 8b;
3e96 : bf;
3e97 : 43;
3e98 : 4e;
3e99 : 70;
3e9a : 50;
3e9b : ea;
3e9c : 54;
3e9d : e3;
3e9e : 3f;
3e9f : 13;
3ea0 : 71;
3ea1 : 9b;
3ea2 : c0;
3ea3 : c8;
3ea4 : 9c;
3ea5 : 98;
3ea6 : ef;
3ea7 : 3e;
3ea8 : 75;
3ea9 : 17;
3eaa : 3d;
3eab : 4f;
3eac : 07;
3ead : 19;
3eae : 3e;
3eaf : c7;
3eb0 : a9;
3eb1 : 1d;
3eb2 : ea;
3eb3 : 97;
3eb4 : be;
3eb5 : 60;
3eb6 : 8f;
3eb7 : 25;
3eb8 : c9;
3eb9 : 35;
3eba : 79;
3ebb : 76;
3ebc : 94;
3ebd : 6a;
3ebe : 0e;
3ebf : 2e;
3ec0 : 9c;
3ec1 : 62;
3ec2 : 2b;
3ec3 : 7b;
3ec4 : df;
3ec5 : d4;
3ec6 : c5;
3ec7 : 62;
3ec8 : 65;
3ec9 : 3f;
3eca : 9a;
3ecb : 0a;
3ecc : 4a;
3ecd : 1a;
3ece : a9;
3ecf : b7;
3ed0 : 8f;
3ed1 : 6f;
3ed2 : 50;
3ed3 : 71;
3ed4 : 8d;
3ed5 : 4e;
3ed6 : dc;
3ed7 : f4;
3ed8 : 8f;
3ed9 : aa;
3eda : bf;
3edb : d9;
3edc : 5a;
3edd : a7;
3ede : 9b;
3edf : fc;
3ee0 : 67;
3ee1 : 6f;
3ee2 : 57;
3ee3 : a5;
3ee4 : 84;
3ee5 : 15;
3ee6 : 16;
3ee7 : 7f;
3ee8 : 35;
3ee9 : 5d;
3eea : 01;
3eeb : 61;
3eec : 26;
3eed : c2;
3eee : 2d;
3eef : d8;
3ef0 : 5c;
3ef1 : fc;
3ef2 : ee;
3ef3 : e1;
3ef4 : c3;
3ef5 : aa;
3ef6 : 21;
3ef7 : 62;
3ef8 : 83;
3ef9 : 27;
3efa : c4;
3efb : de;
3efc : bd;
3efd : 4d;
3efe : bd;
3eff : 63;
3f00 : a3;
3f01 : 4b;
3f02 : 80;
3f03 : 6c;
3f04 : af;
3f05 : da;
3f06 : 4d;
3f07 : 5c;
3f08 : f2;
3f09 : 76;
3f0a : 0c;
3f0b : 6f;
3f0c : b0;
3f0d : 7c;
3f0e : b5;
3f0f : f5;
3f10 : be;
3f11 : 6a;
3f12 : 5d;
3f13 : 21;
3f14 : ef;
3f15 : 2e;
3f16 : cf;
3f17 : a0;
3f18 : 35;
3f19 : bc;
3f1a : e6;
3f1b : 1b;
3f1c : 1e;
3f1d : 7c;
3f1e : ae;
3f1f : 9f;
3f20 : 9f;
3f21 : 1c;
3f22 : 60;
3f23 : 02;
3f24 : b9;
3f25 : d8;
3f26 : 37;
3f27 : 15;
3f28 : 07;
3f29 : 9d;
3f2a : de;
3f2b : dc;
3f2c : 97;
3f2d : 63;
3f2e : f4;
3f2f : 24;
3f30 : bf;
3f31 : 77;
3f32 : 40;
3f33 : bf;
3f34 : d5;
3f35 : 3f;
3f36 : e4;
3f37 : bc;
3f38 : 46;
3f39 : 8e;
3f3a : 92;
3f3b : 25;
3f3c : 4f;
3f3d : c3;
3f3e : 13;
3f3f : 62;
3f40 : 8b;
3f41 : 11;
3f42 : 55;
3f43 : fc;
3f44 : 9c;
3f45 : 88;
3f46 : 09;
3f47 : 96;
3f48 : 05;
3f49 : f3;
3f4a : 84;
3f4b : 51;
3f4c : 7d;
3f4d : cc;
3f4e : 0d;
3f4f : c0;
3f50 : 0c;
3f51 : 87;
3f52 : d9;
3f53 : 7e;
3f54 : 06;
3f55 : 83;
3f56 : ff;
3f57 : 34;
3f58 : c7;
3f59 : e8;
3f5a : db;
3f5b : b7;
3f5c : ed;
3f5d : 16;
3f5e : f3;
3f5f : 55;
3f60 : 5e;
3f61 : 04;
3f62 : b1;
3f63 : ec;
3f64 : 04;
3f65 : bd;
3f66 : 5e;
3f67 : 4c;
3f68 : 6e;
3f69 : 23;
3f6a : 62;
3f6b : 05;
3f6c : 6f;
3f6d : d9;
3f6e : ac;
3f6f : ba;
3f70 : ba;
3f71 : 72;
3f72 : ad;
3f73 : 5c;
3f74 : 89;
3f75 : ca;
3f76 : 5a;
3f77 : d5;
3f78 : 0e;
3f79 : b0;
3f7a : e0;
3f7b : 59;
3f7c : 42;
3f7d : 7e;
3f7e : b0;
3f7f : 9d;
3f80 : b1;
3f81 : 1c;
3f82 : 20;
3f83 : 06;
3f84 : cb;
3f85 : 11;
3f86 : 27;
3f87 : 50;
3f88 : 83;
3f89 : b0;
3f8a : 9a;
3f8b : 68;
3f8c : 4f;
3f8d : 82;
3f8e : 00;
3f8f : 71;
3f90 : b0;
3f91 : 60;
3f92 : a2;
3f93 : 0b;
3f94 : 6f;
3f95 : c7;
3f96 : fd;
3f97 : 0b;
3f98 : d7;
3f99 : 01;
3f9a : 1b;
3f9b : e6;
3f9c : 5c;
3f9d : 09;
3f9e : ea;
3f9f : 8e;
3fa0 : 77;
3fa1 : 86;
3fa2 : 74;
3fa3 : 28;
3fa4 : 97;
3fa5 : a3;
3fa6 : 3e;
3fa7 : 4f;
3fa8 : d4;
3fa9 : 28;
3faa : b8;
3fab : 95;
3fac : a8;
3fad : 48;
3fae : 86;
3faf : a4;
3fb0 : a7;
3fb1 : da;
3fb2 : a5;
3fb3 : 30;
3fb4 : 03;
3fb5 : 7a;
3fb6 : 0a;
3fb7 : 0d;
3fb8 : 50;
3fb9 : 19;
3fba : 61;
3fbb : 5f;
3fbc : 25;
3fbd : b8;
3fbe : 6c;
3fbf : 28;
3fc0 : 4c;
3fc1 : 66;
3fc2 : 4e;
3fc3 : 19;
3fc4 : a8;
3fc5 : 2d;
3fc6 : 96;
3fc7 : 30;
3fc8 : 7b;
3fc9 : 97;
3fca : f4;
3fcb : 2e;
3fcc : bd;
3fcd : 00;
3fce : ce;
3fcf : 1d;
3fd0 : d4;
3fd1 : f0;
3fd2 : c4;
3fd3 : ac;
3fd4 : c9;
3fd5 : c3;
3fd6 : 2b;
3fd7 : 0d;
3fd8 : 48;
3fd9 : 9e;
3fda : fd;
3fdb : a6;
3fdc : da;
3fdd : ae;
3fde : 0d;
3fdf : 7b;
3fe0 : 03;
3fe1 : 53;
3fe2 : 6e;
3fe3 : bb;
3fe4 : c8;
3fe5 : cd;
3fe6 : 42;
3fe7 : 2b;
3fe8 : 04;
3fe9 : cf;
3fea : 79;
3feb : b9;
3fec : b2;
3fed : 39;
3fee : fd;
3fef : 7e;
3ff0 : cc;
3ff1 : 14;
3ff2 : fe;
3ff3 : aa;
3ff4 : 7f;
3ff5 : 02;
3ff6 : 78;
3ff7 : e5;
3ff8 : d4;
3ff9 : 16;
3ffa : 7e;
3ffb : df;
3ffc : f0;
3ffd : 69;
3ffe : c6;
3fff : 91;
END;